date;no;no2;nox;so2
2013-01-01;3,17;17,25;20,38;2,0
2013-01-02;9,92;28,08;42,0;2,21
2013-01-03;4,29;27,42;32,67;2,38
2013-01-04;2,54;18,21;20,33;2,42
2013-01-05;1,38;12,33;12,79;2,25
2013-01-06;2,54;13,5;15,88;2,42
2013-01-07;14,67;30,29;51,54;2,42
2013-01-08;8,5;33,83;45,71;3,04
2013-01-09;4,96;27,42;33,79;2,92
2013-01-10;23,83;46,17;82,13;2,63
2013-01-11;6,17;35,13;43,92;3,0
2013-01-12;3,75;29,38;33,79;2,88
2013-01-13;3,42;20,0;23,13;2,08
2013-01-14;1,88;20,04;21,25;2,13
2013-01-15;4,88;21,88;27,5;2,21
2013-01-16;30,88;34,42;80,0;2,54
2013-01-17;5,13;29,46;35,5;2,42
2013-01-18;6,63;40,17;49,17;2,33
2013-01-19;5,46;30,21;37,21;1,83
2013-01-20;1,29;12,13;11,46;1,46
2013-01-21;12,46;24,17;41,58;2,21
2013-01-22;9,79;31,25;44,58;2,75
2013-01-23;1,13;13,92;13,79;2,0
2013-01-24;4,55;30,18;35,36;2,05
2013-01-25;1,96;20,63;20,96;2,67
2013-01-26;3,38;26,75;29,88;2,54
2013-01-27;6,33;31,33;39,38;2,42
2013-01-28;2,25;19,92;21,46;1,54
2013-01-29;6,17;31,67;39,58;2,42
2013-01-30;11,54;34,88;50,96;3,21
2013-01-31;17,25;37,21;63,08;3,42
2013-02-01;6,54;29,04;38,21;3,13
2013-02-02;1,08;10,21;9,25;1,58
2013-02-03;1,13;6,54;5,17;2,25
2013-02-04;4,71;25,42;30,63;2,67
2013-02-05;4,13;28,63;33,92;3,5
2013-02-06;1,13;10,79;9,75;1,96
2013-02-07;1,63;13,88;13,29;2,5
2013-02-08;5,42;30,79;36,96;2,79
2013-02-09;1,71;22,54;23,0;2,63
2013-02-10;3,54;27,42;30,83;2,96
2013-02-11;1,21;12,79;11,67;2,17
2013-02-12;1,75;15,08;15,21;2,21
2013-02-13;3,38;29,33;32,92;3,04
2013-02-14;10,21;38,83;53,38;2,75
2013-02-15;4,33;30,83;35,96;2,83
2013-02-16;1,88;20,0;20,5;1,38
2013-02-17;2,29;31,92;33,54;1,13
2013-02-18;9,42;27,96;40,46;1,25
2013-02-19;4,38;28,75;33,42;1,5
2013-02-20;3,33;33,71;37,04;2,17
2013-02-21;11,13;41,71;57,13;2,0
2013-02-22;6,79;35,21;43,83;1,04
2013-02-23;1,29;14,67;13,58;1,75
2013-02-24;1,04;11,42;9,5;2,21
2013-02-25;5,46;37,38;43,83;2,92
2013-02-26;3,79;37,13;41,54;2,96
2013-02-27;6,92;31,63;40,13;3,75
2013-02-28;1,42;9,88;9,04;1,63
2013-03-01;1,21;11,08;9,88;1,13
2013-03-02;2,25;21,56;22,88;2,38
2013-03-04;2,09;12,73;13,0;1,0
2013-03-05;1,27;9,59;9,18;1,05
2013-03-06;6,96;32,33;42,42;1,33
2013-03-07;6,08;28,38;37,17;1,75
2013-03-08;2,71;21,04;24,54;2,0
2013-03-09;2,63;18,54;22,08;2,25
2013-03-10;1,54;13,83;15,58;2,63
2013-03-11;1,79;18,5;20,5;2,46
2013-03-12;1,88;17,67;19,88;2,29
2013-03-13;6,04;35,42;43,58;2,04
2013-03-14;1,63;14,25;15,33;2,58
2013-03-15;3,29;23,08;26,92;3,33
2013-03-16;2,88;24,71;28,54;3,0
2013-03-17;1,58;19,04;20,83;2,0
2013-03-18;2,33;24,5;27,25;2,08
2013-03-19;8,58;35,54;47,92;2,88
2013-03-20;4,67;38,54;45,0;2,21
2013-03-21;3,67;29,13;34,08;2,79
2013-03-22;3,13;29,5;33,67;2,38
2013-03-23;4,33;31,88;37,92;2,29
2013-03-24;1,58;24,54;26,33;2,29
2013-03-25;3,67;18,46;23,38;1,71
2013-03-26;2,58;19,25;22,75;2,42
2013-03-27;3,88;26,0;31,33;2,17
2013-03-28;5,0;20,46;27,46;2,13
2013-03-29;1,54;13,17;15,13;1,75
2013-03-30;1,44;8,94;10,39;1,67
2013-04-02;4,88;10,13;17,25;1,88
2013-04-09;7,1;12,0;22,6;2,0
2013-04-10;6,17;17,08;25,38;3,29
2013-04-11;19,63;27,92;57,04;4,38
2013-04-12;6,67;11,92;21,13;3,04
2013-04-13;6,96;18,08;27,79;4,08
2013-04-14;5,5;21,5;29,21;4,33
2013-04-15;10,13;32,0;46,71;5,79
2013-04-16;10,25;27,17;42,08;4,83
2013-04-17;9,71;27,21;41,5;4,54
2013-04-18;10,83;29,46;45,38;4,42
2013-04-19;4,0;22,21;27,75;2,96
2013-04-20;3,92;10,5;15,46;3,29
2013-04-21;1,71;12,54;14,04;3,21
2013-04-22;5,29;14,96;22,08;3,54
2013-04-23;7,0;21,67;31,46;4,58
2013-04-24;7,92;17,13;28,46;2,88
2013-04-25;1,09;6,55;6,55;2,18
2013-04-26;1,38;16,75;18,04;1,83
2013-04-27;1,38;13,17;14,25;1,13
2013-04-28;1,0;11,67;11,75;1,17
2013-04-29;2,33;20,38;23,25;1,08
2013-04-30;4,0;18,13;23,46;1,92
2013-05-01;3,46;12,42;16,88;1,96
2013-05-02;5,0;20,54;27,5;2,79
2013-05-03;6,92;17,46;27,17;2,46
2013-05-04;4,46;14,42;20,54;3,17
2013-05-05;4,13;14,79;20,29;2,71
2013-05-06;6,13;21,54;30,42;2,88
2013-05-07;14,08;30,42;51,38;3,42
2013-05-08;9,25;38,92;52,58;4,92
2013-05-09;8,04;23,13;35,04;2,88
2013-05-10;2,25;14,29;17,17;2,17
2013-05-11;6,46;8,38;17,67;2,29
2013-05-12;3,58;6,92;11,46;2,29
2013-05-13;7,91;13,27;24,64;2,45
2013-05-14;2,38;25,25;27,67;1,83
2013-05-15;4,79;24,33;30,13;1,54
2013-05-16;2,38;15,38;17,21;1,58
2013-05-17;4,38;20,17;25,58;2,29
2013-05-18;1,0;10,33;9,67;1,71
2013-05-19;1,21;7,79;7,54;1,79
2013-05-20;1,75;12,92;13,67;1,46
2013-05-21;7,33;19,83;29,92;1,96
2013-05-22;4,67;12,58;18,63;2,17
2013-05-23;3,96;11,25;15,96;2,54
2013-05-24;2,38;12,71;14,83;2,54
2013-05-25;2,46;9,33;11,5;2,25
2013-05-26;3,63;9,04;13,04;1,96
2013-05-27;4,29;15,75;21,0;1,96
2013-05-28;4,08;19,29;24,17;2,08
2013-05-29;4,04;13,08;18,08;2,17
2013-05-30;4,63;15,75;21,79;2,54
2013-05-31;4,17;17,75;22,71;2,63
2013-06-01;3,08;14,83;18,25;2,54
2013-06-02;2,64;10,86;13,21;2,64
2013-06-03;1,9;17,9;19,7;2,4
2013-06-04;2,13;18,25;19,88;2,83
2013-06-05;2,92;26,67;29,79;2,54
2013-06-06;4,89;29,11;35,61;3,83
2013-06-10;1,43;17,38;32,38;1,0
2013-06-11;6,17;36,79;45,5;3,5
2013-06-12;2,83;23,25;26,63;3,04
2013-06-13;2,21;26,67;29,17;3,58
2013-06-14;2,0;15,96;18,0;2,42
2013-06-15;3,38;26,46;30,71;3,29
2013-06-16;2,13;17,29;19,5;3,04
2013-06-17;2,25;14,83;16,79;2,25
2013-06-18;1,46;14,08;14,96;1,54
2013-06-19;1,67;12,63;14,13;2,0
2013-06-20;1,88;16,04;17,75;2,54
2013-06-21;3,17;19,88;23,54;2,83
2013-06-22;1,5;11,17;12,21;2,29
2013-06-23;1,29;13,0;13,17;2,42
2013-06-24;1,04;7,96;7,71;2,21
2013-06-25;2,71;13,46;16,25;2,33
2013-06-26;4,21;18,21;23,33;2,71
2013-06-27;1,67;13,21;14,29;2,79
2013-06-28;1,79;15,63;17,08;2,46
2013-06-29;1,17;11,67;11,83;2,33
2013-06-30;1,21;11,33;11,88;2,0
2013-07-01;2,79;17,46;20,96;2,5
2013-07-02;4,75;19,54;26,54;2,29
2013-07-03;4,29;15,58;21,79;1,92
2013-07-04;4,39;13,83;19,65;2,3
2013-07-05;5,25;16,92;24,0;3,17
2013-07-06;3,38;15,46;19,29;2,63
2013-07-07;2,42;15,83;17,46;3,17
2013-07-08;2,67;33,83;36,33;4,17
2013-07-09;2,46;26,63;27,63;3,71
2013-07-10;1,92;18,92;19,63;3,08
2013-07-11;1,92;21,96;22,75;1,96
2013-07-12;2,42;20,21;21,46;2,58
2013-07-13;1,13;11,58;9,83;2,5
2013-07-14;1,0;10,75;8,83;3,08
2013-07-15;1,54;16,54;16,5;2,79
2013-07-16;1,63;20,5;21,13;2,58
2013-07-17;1,83;21,38;22,29;3,54
2013-07-18;1,33;15,71;14,42;2,0
2013-07-19;1,5;19,08;18,58;2,25
2013-07-20;1,58;16,0;15,75;2,25
2013-07-21;1,29;12,92;12,0;2,38
2013-07-22;2,21;20,21;21,29;3,13
2013-07-23;2,0;17,79;18,63;2,17
2013-07-24;1,38;16,79;16,29;2,75
2013-07-25;2,33;14,63;15,92;2,21
2013-07-26;3,79;23,88;28,33;3,38
2013-07-27;1,0;8,75;6,96;1,71
2013-07-28;1,0;7,54;5,54;2,04
2013-07-29;1,08;10,88;9,29;2,33
2013-07-30;1,95;15,09;16,45;2,32
2013-07-31;4,63;21,88;28,67;2,54
2013-08-01;2,46;15,54;18,92;2,5
2013-08-02;2,33;12,17;15,5;2,25
2013-08-03;2,75;17,58;21,33;2,21
2013-08-04;2,17;11,96;14,92;2,13
2013-08-05;3,08;;20,38;
2013-08-06;2,75;16,63;20,29;2,08
2013-08-07;2,67;17,46;21,0;1,75
2013-08-08;1,96;11,63;14,21;2,08
2013-08-09;1,88;11,67;14,04;2,33
2013-08-10;1,79;9,46;11,58;2,38
2013-08-11;3,0;9,58;13,67;2,46
2013-08-12;2,25;13,58;16,5;2,63
2013-08-13;2,79;17,5;21,29;4,0
2013-08-14;1,88;9,58;11,71;2,08
2013-08-15;1,42;8,17;9,83;2,38
2013-08-16;2,75;9,67;13,38;2,0
2013-08-17;1,88;10,75;13,08;2,67
2013-08-18;2,04;8,83;11,33;2,0
2013-08-19;2,25;12,5;15,42;2,46
2013-08-20;1,54;8,83;10,58;2,33
2013-08-21;2,29;10,17;13,46;2,08
2013-08-22;2,46;8,75;11,58;1,83
2013-08-23;2,92;10,46;14,42;2,25
2013-08-24;4,71;11,0;17,88;2,46
2013-08-25;4,42;6,17;12,5;2,33
2013-08-26;9,54;11,96;26,33;2,0
2013-08-27;4,67;12,92;19,58;2,08
2013-08-28;2,46;15,25;18,46;2,04
2013-08-29;2,83;19,21;23,08;2,25
2013-08-30;3,67;22,17;27,33;3,42
2013-08-31;2,08;13,08;15,58;2,71
2013-09-01;2,21;11,08;13,96;4,17
2013-09-02;3,63;19,21;24,42;3,75
2013-09-03;3,25;19,17;23,71;3,13
2013-09-04;4,83;20,38;27,25;2,67
2013-09-05;3,71;17,46;22,75;2,67
2013-09-06;4,54;18,71;25,46;2,54
2013-09-07;7,0;11,75;22,29;1,79
2013-09-08;2,38;12,71;15,79;1,83
2013-09-09;3,92;14,33;19,92;2,08
2013-09-10;4,67;17,79;24,71;2,29
2013-09-11;2,58;8,92;12,75;1,92
2013-09-12;5,09;22,43;29,83;2,57
2013-09-13;6,5;26,33;35,71;2,92
2013-09-14;4,92;12,42;19,33;2,21
2013-09-15;6,58;7,29;16,96;1,83
2013-09-16;4,54;19,13;25,71;2,46
2013-09-17;2,79;16,67;20,63;2,08
2013-09-18;4,17;21,88;28,04;2,79
2013-09-19;4,83;21,54;28,38;2,54
2013-09-20;4,63;20,29;27,21;2,58
2013-09-21;5,42;20,79;28,71;3,13
2013-09-22;5,38;15,33;23,46;2,29
2013-09-23;4,83;21,67;28,54;2,42
2013-09-24;2,58;19,0;22,67;2,08
2013-09-25;2,96;14,63;18,83;1,92
2013-09-26;6,63;19,92;29,75;1,92
2013-09-27;8,42;31,13;43,54;2,63
2013-09-28;5,58;26,92;35,46;2,17
2013-09-29;3,92;8,0;13,83;2,38
2013-09-30;6,67;21,79;31,46;2,63
2013-10-01;5,25;27,58;35,29;2,75
2013-10-02;7,58;27,92;39,0;2,42
2013-10-03;2,25;8,33;11,46;1,63
2013-10-04;4,38;13,46;19,75;1,42
2013-10-05;3,54;16,33;21,5;1,96
2013-10-06;3,22;13,87;18,52;2,17
2013-10-07;2,3;17,13;19,78;2,05
2013-10-08;7,21;23,25;33,38;2,46
2013-10-09;5,83;27,0;34,96;2,33
2013-10-10;2,21;23,96;26,0;2,46
2013-10-11;1,75;25,92;27,13;2,04
2013-10-12;3,08;14,42;17,75;2,29
2013-10-13;3,29;21,08;25,13;3,17
2013-10-14;5,17;22,38;29,42;3,0
2013-10-15;9,5;31,29;45,38;3,04
2013-10-16;10,27;33,27;48,55;2,68
2013-10-17;16,75;31,25;56,54;2,5
2013-10-18;9,46;25,13;39,46;2,25
2013-10-19;5,46;17,04;24,54;2,17
2013-10-20;3,63;17,92;22,38;2,17
2013-10-21;2,58;21,17;24,04;2,38
2013-10-22;7,92;23,96;34,96;2,17
2013-10-23;5,63;22,0;29,5;2,13
2013-10-24;5,71;27,08;34,5;2,83
2013-10-25;14,79;28,0;49,75;2,42
2013-10-26;3,67;12,13;16,54;2,0
2013-10-27;1,67;15,71;16,29;2,42
2013-10-28;16,17;41,54;65,08;3,54
2013-10-29;6,67;37,33;46,42;2,33
2013-10-30;11,38;44,08;60,29;3,83
2013-10-31;9,04;44,96;57,75;4,63
2013-11-01;1,5;16,58;16,46;4,33
2013-11-02;1,92;28,13;29,5;5,96
2013-11-03;2,0;18,63;19,71;3,63
2013-11-04;2,58;18,88;20,88;2,21
2013-11-05;5,79;24,08;31,38;2,5
2013-11-06;1,0;7,5;5,83;2,33
2013-11-08;5,2;22,91;32,1;2,0
2013-11-09;2,5;20,67;23,13;3,04
2013-11-10;1,96;5,25;5,88;3,0
2013-11-11;4,92;26,58;32,63;3,13
2013-11-12;5,91;36,52;44,0;2,5
2013-11-13;5,71;37,42;43,67;3,17
2013-11-14;5,0;28,29;33,25;2,92
2013-11-15;5,25;31,5;36,42;3,75
2013-11-16;1,0;10,29;5,63;2,29
2013-11-17;1,0;10,46;7,13;1,58
2013-11-18;;;;1,21
2013-11-19;;;;1,88
2013-11-20;2,71;36,5;39,58;2,88
2013-11-21;1,38;18,21;17,42;2,63
2013-11-22;3,25;17,67;19,38;3,08
2013-11-23;2,83;24,67;26,46;3,25
2013-11-24;3,75;20,08;22,46;3,63
2013-11-25;9,08;27,54;38,58;4,0
2013-11-26;4,92;29,46;34,08;4,29
2013-11-27;5,33;22,46;27,42;3,63
2013-11-28;4,75;28,13;32,29;3,88
2013-11-29;8,08;39,67;50,42;4,54
2013-11-30;3,04;31,92;34,25;3,46
2013-12-01;3,25;14,08;14,96;3,71
2013-12-02;3,33;32,29;34,5;4,58
2013-12-03;8,75;40,75;52,08;5,63
2013-12-04;9,42;29,08;40,71;4,96
2013-12-05;4,92;22,63;27,04;3,83
2013-12-06;1,96;18,88;18,5;3,08
2013-12-07;5,75;19,29;25,0;3,96
2013-12-08;8,17;29,17;40,75;3,79
2013-12-09;8,38;31,5;42,33;3,33
2013-12-10;15,04;36,79;58,17;3,67
2013-12-11;18,08;47,54;73,83;3,5
2013-12-12;12,92;39,21;57,0;3,08
2013-12-13;7,67;33,33;43,63;3,13
2013-12-14;6,63;26,83;35,38;4,0
2013-12-15;4,71;18,71;22,38;3,5
2013-12-16;23,17;43,29;77,58;3,5
2013-12-17;16,3;54,45;78,6;3,35
2013-12-18;13,04;36,63;55,33;3,25
2013-12-19;19,25;34,33;61,63;2,79
2013-12-20;10,52;34,22;48,5;2,59
2013-12-21;8,0;26,26;37,32;3,37
2013-12-22;9,33;25,62;38,29;4,29
2013-12-23;11,05;37,38;53,1;4,05
2013-12-24;15,54;29,17;51,63;3,25
2013-12-25;1,54;16,04;15,75;2,67
2013-12-26;1,63;8,33;8,5;2,96
2013-12-27;14,83;31,33;52,54;3,21
2013-12-28;10,71;19,04;33,96;3,21
2013-12-29;4,83;12,33;17,42;3,13
2013-12-30;2,96;18,54;20,83;3,46
2013-12-31;10,0;33,92;47,33;3,92
2014-01-01;5,46;25,08;31,92;3,42
2014-01-02;35,29;49,33;102,21;5,08
2014-01-03;26,58;39,42;79,46;4,17
2014-01-04;9,71;26,75;39,83;2,92
2014-01-05;1,17;7,42;6,04;2,88
2014-01-06;5,96;15,75;22,79;3,54
2014-01-07;11,17;27,48;43,35;3,57
2014-01-08;46,08;49,75;119,83;4,23
2014-01-09;20,75;47,71;78,54;4,33
2014-01-10;30,38;62,63;108,42;3,5
2014-01-11;18,08;41,38;68,29;3,58
2014-01-12;7,08;20,38;29,75;3,0
2014-01-13;4,58;28,13;33,46;3,29
2014-01-14;3,17;22,63;25,58;3,17
2014-01-15;8,67;37,88;49,75;3,67
2014-01-16;23,55;42,86;77,91;3,65
2014-01-17;11,25;30,08;45,54;3,79
2014-01-18;12,21;40,38;57,63;3,33
2014-01-19;5,08;19,0;24,29;2,88
2014-01-20;3,29;13,88;16,08;3,0
2014-01-21;8,17;25,83;36,25;4,21
2014-01-22;18,92;47,17;74,63;4,42
2014-01-23;15,13;37,33;59,46;4,17
2014-01-24;6,63;18,46;26,08;3,5
2014-01-25;13,92;42,58;62,58;3,96
2014-01-26;10,75;12,46;26,75;3,54
2014-01-27;10,0;12,17;24,67;3,5
2014-01-28;1,21;19,17;18,04;3,5
2014-01-29;4,29;28,17;31,88;3,67
2014-01-30;4,58;26,79;31,54;3,42
2014-01-31;8,04;34,25;44,79;3,58
2014-02-01;13,88;37,92;57,88;3,33
2014-02-02;4,75;13,25;17,79;3,67
2014-02-03;6,08;30,33;37,38;4,17
2014-02-04;14,63;29,63;49,67;4,33
2014-02-05;5,54;21,79;27,63;3,88
2014-02-06;12,58;32,58;49,83;4,88
2014-02-07;8,3;29,0;40,17;3,91
2014-02-08;3,08;14,63;16,38;3,63
2014-02-09;1,04;16,79;14,54;3,96
2014-02-10;2,92;22,58;24,08;3,14
2014-02-11;1,25;17,13;16,21;3,76
2014-02-12;7,96;27,75;37,46;4,21
2014-02-13;18,25;31,92;58,04;4,54
2014-02-14;14,61;33,78;54,48;3,57
2014-02-15;17,26;30,21;55,47;5,21
2014-02-16;2,32;15,77;16,64;3,27
2014-02-17;12,91;33,96;52,65;3,57
2014-02-18;11,13;42,33;58,33;3,75
2014-02-19;10,0;26,64;40,55;4,05
2014-02-20;15,24;36,48;58,81;3,95
2014-02-21;24,92;33,38;70,08;4,46
2014-02-22;9,78;22,44;36,17;4,06
2014-02-23;8,61;20,74;32,48;4,39
2014-02-24;9,79;31,96;45,71;3,54
2014-02-25;12,59;34,82;52,95;3,77
2014-02-26;6,45;19,35;27,85;4,05
2014-02-27;2,53;27,71;29,65;4,47
2014-02-28;9,0;26,76;39,62;4,33
2014-03-01;1,63;12,63;12,79;3,74
2014-03-02;7,83;15,78;26,11;3,83
2014-03-03;5,77;16,14;23,32;3,73
2014-03-04;5,29;11,54;17,5;3,63
2014-03-05;10,96;25,61;40,78;4,35
2014-03-06;7,95;28,9;39,81;4,38
2014-03-07;9,42;29,75;42,88;5,54
2014-03-08;10,63;40,92;56,08;6,04
2014-03-09;9,54;26,0;39,29;4,79
2014-03-10;9,92;30,54;44,25;4,83
2014-03-11;10,63;44,54;59,83;5,29
2014-03-12;14,46;34,21;54,92;4,75
2014-03-13;10,63;29,71;44,17;4,29
2014-03-14;11,32;55,45;71,59;5,09
2014-03-15;11,15;32,95;49,1;3,7
2014-03-16;8,8;16,1;28,7;3,6
2014-03-17;12,55;31,5;49,95;3,6
2014-03-18;19,85;42,1;71,8;4,7
2014-03-19;10,95;32,42;48,47;3,0
2014-03-20;14,67;34,94;56,28;2,83
2014-03-21;12,64;26,64;44,64;2,55
2014-03-22;7,48;14,5;25,1;2,48
2014-03-23;4,44;7,44;11,94;2,17
2014-03-24;7,52;14,87;24,74;3,0
2014-03-25;4,52;12,04;17,22;2,48
2014-03-26;6,38;20,29;28,14;2,48
2014-03-27;11,38;24,63;41,21;2,58
2014-03-28;10,5;23,21;38,04;3,17
2014-03-29;7,33;5,92;15,71;2,17
2014-03-30;1,14;8,57;8,95;1,38
2014-03-31;13,82;28,14;48,82;1,32
2014-04-01;9,58;22,79;36,38;1,83
2014-04-02;6,33;28,13;36,58;1,79
2014-04-03;1,46;21,25;21,54;1,17
2014-04-04;5,21;11,88;18,42;1,46
2014-04-05;7,79;19,58;30,46;2,88
2014-04-06;11,25;15,46;31,96;2,75
2014-04-07;14,42;22,38;43,71;2,67
2014-04-08;19,21;31,75;60,54;2,04
2014-04-09;26,75;27,96;68,33;2,96
2014-04-10;20,79;31,79;62,92;3,25
2014-04-11;19,29;27,92;57,04;3,79
2014-04-12;14,0;19,88;41,0;1,96
2014-04-13;12,17;18,88;36,88;2,79
2014-04-14;18,25;26,88;54,46;3,17
2014-04-15;19,92;26,79;56,67;5,78
2014-04-16;18,88;23,96;52,13;3,71
2014-04-17;6,67;12,92;22,13;2,13
2014-04-18;6,13;14,58;23,21;2,75
2014-04-19;7,88;18,63;29,71;2,32
2014-04-20;3,5;11,5;15,38;1,74
2014-04-21;5,71;10,88;18,54;1,26
2014-04-22;9,5;18,5;32,08;1,71
2014-04-23;9,71;20,17;34,13;2,29
2014-04-24;41,88;20,71;84,17;3,58
2014-04-25;41,58;10,33;73,21;2,33
2014-04-26;43,75;9,58;75,83;3,21
2014-04-27;53,5;6,88;87,54;2,79
2014-04-28;37,46;16,0;72,75;3,63
2014-04-29;37,83;13,13;70,58;2,46
2014-04-30;27,92;19,25;61,21;2,32
2014-05-01;1,58;11,33;12,38;2,08
2014-05-02;1,75;18,08;19,67;2,33
2014-05-03;1,13;14,79;15,38;2,58
2014-05-04;1,0;10,08;10,13;2,46
2014-05-05;3,08;22,54;26,25;2,33
2014-05-06;3,29;19,92;23,79;2,46
2014-05-07;5,17;29,63;36,17;2,5
2014-05-08;5,38;24,83;31,75;2,75
2014-05-09;5,63;29,92;37,46;4,67
2014-05-10;3,42;21,25;25,58;3,0
2014-05-11;2,33;19,29;21,67;2,96
2014-05-12;3,79;14,96;20,13;2,21
2014-05-13;5,71;16,83;24,79;2,29
2014-05-14;4,25;16,04;22,0;2,71
2014-05-15;2,67;16,33;19,63;3,25
2014-05-16;4,42;16,92;22,67;3,0
2014-05-17;3,0;11,88;15,33;2,58
2014-05-18;2,58;12,67;15,58;2,88
2014-05-19;3,5;13,38;18,04;2,46
2014-05-20;6,58;10,96;20,75;1,63
2014-05-21;4,58;12,5;19,04;1,29
2014-05-22;2,79;18,54;22,17;2,63
2014-05-23;2,54;17,08;20,08;3,54
2014-05-24;3,08;13,88;17,58;2,13
2014-05-25;6,71;18,29;27,67;3,54
2014-05-26;11,79;30,75;47,5;2,08
2014-05-27;2,75;19,17;22,42;2,58
2014-05-28;5,71;25,58;33,13;2,25
2014-05-29;4,29;18,75;24,42;2,04
2014-05-30;7,38;30,17;40,42;2,46
2014-05-31;2,92;16,08;19,58;2,54
2014-06-01;2,38;12,08;14,88;2,71
2014-06-02;5,25;16,96;24,17;3,29
2014-06-03;8,75;20,42;32,92;3,42
2014-06-04;3,33;21,0;25,33;3,04
2014-06-05;7,13;22,42;32,5;3,43
2014-06-06;7,04;41,83;51,71;2,75
2014-06-07;6,0;23,42;31,88;2,67
2014-06-08;4,88;17,75;24,46;2,75
2014-06-09;5,58;31,42;39,21;3,67
2014-06-10;8,0;42,88;54,08;3,92
2014-06-11;7,38;40,63;50,83;4,79
2014-06-12;5,79;43,0;50,83;4,88
2014-06-13;3,25;28,08;32,17;4,29
2014-06-14;4,0;15,38;20,83;3,63
2014-06-15;2,5;11,5;14,58;1,96
2014-06-16;4,33;18,13;23,96;2,54
2014-06-17;3,67;26,54;31,0;4,67
2014-06-18;2,75;18,79;22,17;2,71
2014-06-19;3,79;19,25;24,21;2,63
2014-06-20;4,21;24,13;29,67;4,0
2014-06-21;4,13;18,63;24,08;3,63
2014-06-22;1,88;19,0;21,42;2,46
2014-06-23;4,96;21,71;28,58;2,38
2014-06-24;2,33;15,42;18,67;2,54
2014-06-25;5,08;19,42;26,5;2,25
2014-06-26;7,29;25,17;35,42;4,04
2014-06-27;7,54;19,88;30,83;2,54
2014-06-28;2,79;14,75;18,29;2,17
2014-06-29;1,21;13,08;13,54;2,58
2014-06-30;2,82;20,0;22,23;2,55
2014-07-01;1,89;17,63;17,53;2,21
2014-07-02;1,06;7,82;6,59;1,71
2014-07-03;3,17;13,29;16,13;2,08
2014-07-04;2,5;14,04;15,71;2,33
2014-07-05;2,08;16,92;17,88;2,83
2014-07-06;1,21;7,5;6,33;1,83
2014-07-07;3,13;23,42;26,83;1,92
2014-07-08;4,35;17,45;22,55;2,5
2014-07-09;2,73;11,68;14,5;2,68
2014-07-10;3,23;13,0;16,73;3,09
2014-07-11;3,82;16,82;21,41;3,77
2014-07-12;3,2;11,55;15,4;3,05
2014-07-13;1,95;8,61;10,58;2,84
2014-07-14;1,9;12,86;14,48;2,0
2014-07-15;3,57;14,05;18,19;2,05
2014-07-16;5,87;18,22;26,52;2,74
2014-07-17;4,88;16,75;23,46;3,42
2014-07-18;5,65;21,17;28,78;3,04
2014-07-19;3,29;12,42;16,38;2,13
2014-07-20;6,04;5,79;13,83;2,75
2014-07-21;7,17;14,04;24,25;3,25
2014-07-22;8,58;19,29;31,83;3,75
2014-07-23;9,04;18,58;31,71;3,63
2014-07-24;8,85;19,05;32,15;3,6
2014-07-25;12,77;33,5;51,73;3,45
2014-07-26;1,96;12,0;14,09;2,17
2014-07-27;2,86;6,38;9,43;2,3
2014-07-28;3,14;13,41;17,23;2,05
2014-07-29;3,92;10,75;16,38;1,83
2014-07-30;9,5;16,79;30,54;3,0
2014-07-31;9,67;20,38;34,42;3,08
2014-08-01;5,17;18,79;26,0;2,29
2014-08-02;3,83;14,42;19,63;2,08
2014-08-03;5,79;7,38;15,58;2,13
2014-08-04;7,71;11,54;22,75;2,08
2014-08-05;4,63;13,46;19,5;2,71
2014-08-06;4,96;10,25;17,33;2,54
2014-08-07;6,6;10,0;19,35;1,95
2014-08-08;5,85;6,95;15,3;2,05
2014-08-09;6,23;7,32;16,27;2,14
2014-08-10;9,48;7,43;20,81;2,05
2014-08-11;6,95;10,75;20,3;2,05
2014-08-12;7,8;16,8;27,9;2,15
2014-08-13;3,25;6,55;10,6;2,3
2014-08-14;5,76;8,38;16,81;2,9
2014-08-15;3,14;6,86;10,95;2,33
2014-08-16;3,52;6,24;10,86;2,38
2014-08-17;5,73;4,59;12,5;2,5
2014-08-18;3,76;9,0;14,05;2,05
2014-08-19;4,1;10,65;16,2;2,55
2014-08-20;1,55;8,09;9,86;2,18
2014-08-21;3,38;18,05;22,43;2,95
2014-08-22;4,77;18,36;25,09;2,27
2014-08-23;6,73;6,27;16,14;2,18
2014-08-24;5,23;6,18;13,5;2,27
2014-08-25;6,0;12,61;20,87;2,17
2014-08-26;6,43;12,57;19,24;2,48
2014-08-27;1,5;20,42;12,5;3,21
2014-08-28;1,42;21,54;13,75;3,21
2014-08-29;3,08;23,5;16,33;2,46
2014-08-30;1,08;21,67;11,5;3,33
2014-08-31;1,0;13,96;5,29;2,96
2014-09-01;3,96;17,5;11,67;2,79
2014-09-02;6,38;24,33;23,04;3,08
2014-09-03;1,04;19,38;7,71;2,96
2014-09-04;1,08;24,67;12,0;2,67
2014-09-05;1,29;23,5;12,96;2,25
2014-09-06;1,0;17,21;7,25;2,67
2014-09-07;1,0;14,0;4,79;2,46
2014-09-08;3,38;20,33;16,13;2,67
2014-09-09;1,04;20,67;11,83;2,75
2014-09-10;4,13;25,0;26,63;3,71
2014-09-11;1,0;22,33;13,38;3,08
2014-09-12;2,0;25,0;16,17;4,13
2014-09-13;1,0;20,67;9,42;3,54
2014-09-14;1,0;16,21;5,88;2,79
2014-09-15;4,46;26,13;26,63;4,04
2014-09-16;2,42;21,54;15,13;2,79
2014-09-17;2,38;29,46;24,17;2,79
2014-09-18;3,88;25,67;21,5;4,13
2014-09-19;2,04;18,54;10,79;3,67
2014-09-20;1,04;19,13;8,08;3,63
2014-09-21;1,0;25,33;11,58;4,67
2014-09-22;2,46;40,58;33,0;3,67
2014-09-23;3,75;30,54;29,63;3,0
2014-09-24;2,38;19,79;16,04;3,75
2014-09-25;1,92;25,0;18,67;4,17
2014-09-26;3,46;27,38;24,92;5,38
2014-09-27;1,17;28,5;20,38;4,08
2014-09-28;2,21;27,0;24,17;3,21
2014-09-29;6,75;36,63;42,08;3,79
2014-09-30;2,58;35,25;32,67;3,08
2014-10-01;6,63;33,42;37,38;3,67
2014-10-02;1,68;29,5;27,14;7,82
2014-10-03;12,88;41,71;60,21;6,25
2014-10-04;8,83;23,92;35,96;2,88
2014-10-05;5,54;16,08;23,58;2,0
2014-10-06;10,58;28,67;43,33;2,38
2014-10-07;12,13;33,83;51,21;3,29
2014-10-08;13,46;32,79;52,5;4,04
2014-10-09;12,08;30,25;47,67;4,75
2014-10-10;14,79;30,5;51,54;2,46
2014-10-11;5,79;19,88;26,83;1,96
2014-10-12;3,42;18,29;22,08;1,83
2014-10-13;8,5;19,13;30,58;3,71
2014-10-14;18,5;33,38;60,38;3,69
2014-10-15;5,64;24,68;32,32;2,55
2014-10-16;10,52;27,1;42,0;4,48
2014-10-17;12,1;34,86;52,14;3,67
2014-10-18;13,24;29,62;48,57;4,1
2014-10-19;9,32;25,63;38,79;2,95
2014-10-20;13,65;40,45;60,05;4,4
2014-10-21;16,67;53,61;77,94;4,83
2014-10-22;8,41;25,36;37,05;3,09
2014-10-23;8,04;40,33;51,5;3,71
2014-10-24;6,83;38,79;48,13;3,96
2014-10-25;6,29;30,5;38,96;3,79
2014-10-26;8,05;27,77;39,0;3,55
2014-10-27;17,05;29,6;54,7;2,25
2014-10-28;12,26;31,3;49,35;2,61
2014-10-29;10,32;36,95;51,64;2,86
2014-10-30;13,22;42,74;61,96;3,57
2014-10-31;10,54;31,83;46,92;2,46
2014-11-01;9,78;12,57;26,91;1,83
2014-11-02;6,38;14,0;22,95;1,76
2014-11-03;9,22;13,09;26,48;1,57
2014-11-04;8,83;14,04;26,71;1,88
2014-11-05;5,54;25,42;32,54;2,67
2014-11-06;5,79;23,13;30,71;3,33
2014-11-07;10,46;28,79;43,75;4,04
2014-11-08;6,88;22,42;32,0;2,33
2014-11-09;1,58;16,79;17,92;2,21
2014-11-10;7,46;27,71;37,58;2,63
2014-11-11;25,42;40,83;78,83;4,33
2014-11-12;5,67;22,04;29,58;2,58
2014-11-13;8,08;25,13;36,38;3,0
2014-11-14;40,17;42,29;102,21;3,04
2014-11-15;10,92;21,71;37,42;2,25
2014-11-16;4,25;14,96;20,42;2,63
2014-11-17;7,29;23,13;33,04;3,29
2014-11-18;7,13;27,17;37,0;3,5
2014-11-19;10,75;34,92;50,21;4,33
2014-11-20;18,04;42,33;68,92;4,67
2014-11-21;17,58;45,75;71,63;3,08
2014-11-22;16,17;36,71;60,5;2,33
2014-11-23;10,5;25,79;41,0;2,42
2014-11-24;14,21;25,04;46,13;2,08
2014-11-25;23,04;31,71;65,88;3,54
2014-11-26;20,17;27,29;57,13;1,88
2014-11-27;30,67;43,25;88,96;3,0
2014-11-28;11,13;22,42;38,67;1,75
2014-11-29;5,42;7,96;15,96;1,04
2014-11-30;6,96;5,63;15,5;1,0
2014-12-01;9,54;24,75;37,96;1,67
2014-12-02;20,54;30,13;60,5;2,75
2014-12-03;8,71;28,25;40,67;2,54
2014-12-04;6,83;29,29;38,88;2,08
2014-12-05;10,75;29,83;45,0;2,54
2014-12-06;5,46;15,54;22,58;2,63
2014-12-07;4,75;12,67;18,38;3,29
2014-12-08;2,67;14,63;17,42;3,13
2014-12-09;2,71;12,13;14,71;5,83
2014-12-10;3,33;21,04;24,92;5,79
2014-12-11;14,46;31,96;52,96;3,92
2014-12-12;12,0;31,64;48,68;3,32
2014-12-13;9,13;35,54;48,29;1,54
2014-12-14;7,08;24,46;34,08;1,63
2014-12-15;9,0;35,0;47,29;1,92
2014-12-16;4,17;25,92;31,04;1,29
2014-12-17;15,21;37,25;59,08;1,63
2014-12-18;4,75;23,54;29,71;1,5
2014-12-19;6,5;23,33;32,29;1,33
2014-12-20;5,79;17,5;25,58;1,38
2014-12-21;6,75;13,29;22,13;1,71
2014-12-22;11,24;26,14;42,81;3,52
2014-12-23;17,5;45,54;71,42;2,92
2014-12-24;11,83;30,71;47,83;2,21
2014-12-25;3,5;12,33;16,17;1,96
2014-12-26;1,83;11,71;12,54;1,83
2014-12-27;1,38;11,13;11,5;1,58
2014-12-28;4,13;7,63;12,33;1,79
2014-12-29;6,75;23,83;32,46;3,46
2014-12-30;4,54;23,21;28,42;4,21
2014-12-31;4,63;26,42;31,88;3,08
2015-01-01;5,21;26,04;32,88;2,83
2015-01-02;2,88;18,17;20,88;2,96
2015-01-03;3,0;20,0;22,96;3,46
2015-01-04;3,58;14,96;19,0;2,63
2015-01-05;7,83;27,46;38,21;2,67
2015-01-06;4,58;20,75;26,38;2,5
2015-01-07;6,38;33,25;41,79;2,58
2015-01-08;6,25;24,13;32,46;2,04
2015-01-09;6,75;24,71;33,83;2,25
2015-01-10;5,83;23,46;31,5;3,58
2015-01-11;4,25;16,83;22,33;2,79
2015-01-12;12,33;39,46;56,88;3,29
2015-01-13;23,58;46,08;80,92;2,88
2015-01-14;8,71;31,63;43,46;2,42
2015-01-15;29,96;48,04;92,67;2,92
2015-01-16;17,21;36,21;61,21;2,08
2015-01-17;5,63;20,75;27,67;2,29
2015-01-18;4,54;19,54;24,88;2,92
2015-01-19;4,29;39,25;44,17;1,54
2015-01-20;5,04;36,54;42,75;1,58
2015-01-21;3,25;25,54;28,63;1,92
2015-01-22;6,83;30,25;39,29;2,33
2015-01-23;3,0;20,5;22,77;2,73
2015-01-24;1,38;13,46;13,17;3,25
2015-01-25;2,83;12,0;14,46;3,0
2015-01-26;5,17;33,88;39,75;4,54
2015-01-27;8,08;30,13;40,92;3,0
2015-01-28;9,5;33,75;46,96;2,92
2015-01-29;13,63;31,0;50,79;2,71
2015-01-30;2,04;17,08;18,88;2,0
2015-01-31;5,42;11,13;17,5;2,0
2015-02-01;1,46;7,5;7,08;2,0
2015-02-02;3,96;24,92;28,5;2,13
2015-02-03;11,54;41,21;57,25;2,42
2015-02-04;2,33;25,04;26,25;2,0
2015-02-05;3,17;22,71;25,38;2,63
2015-02-06;2,5;26,46;27,75;3,58
2015-02-07;4,25;26,17;30,21;3,58
2015-02-08;1,04;16,38;15,67;3,38
2015-02-09;4,71;28,96;34,13;3,67
2015-02-10;6,04;37,75;44,79;3,83
2015-02-11;8,88;50,13;61,96;4,33
2015-02-12;11,13;53,88;69,54;3,67
2015-02-13;11,75;39,5;56,0;3,67
2015-02-14;8,38;35,29;46,67;2,75
2015-02-15;4,58;25,29;30,46;2,29
2015-02-16;7,0;34,63;44,0;2,96
2015-02-17;8,38;43,38;54,46;3,29
2015-02-18;7,21;30,42;39,63;3,5
2015-02-19;5,5;33,58;40,42;3,38
2015-02-20;4,67;31,29;36,79;2,96
2015-02-21;1,33;22,75;22,58;2,08
2015-02-22;2,08;13,13;13,67;2,58
2015-02-23;13,13;36,04;54,38;3,13
2015-02-24;2,95;11,36;14,55;2,23
2015-02-25;5,13;19,04;25,25;2,58
2015-02-26;13,83;38,5;58,08;3,42
2015-02-27;10,96;33,33;48,96;2,71
2015-02-28;4,13;18,17;23,0;2,54
2015-03-01;6,13;24,67;32,92;2,83
2015-03-02;10,42;18,25;33,63;2,38
2015-03-03;7,42;22,25;32,71;2,17
2015-03-04;10,25;37,38;51,38;2,46
2015-03-05;3,09;19,14;22,36;2,64
2015-03-06;6,33;29,72;38,22;3,72
2015-03-07;5,37;26,63;33,68;3,47
2015-03-08;4,94;25,61;32,11;2,61
2015-03-09;9,0;34,05;46,52;3,43
2015-03-10;9,63;36,17;49,54;3,88
2015-03-11;7,33;34,46;44,46;3,83
2015-03-12;7,17;29,0;38,79;3,21
2015-03-13;7,71;23,79;34,46;2,67
2015-03-14;1,92;17,92;18,83;2,04
2015-03-15;2,04;14,17;15,33;2,33
2015-03-16;7,33;27,58;37,46;2,5
2015-03-17;4,75;26,63;32,63;2,79
2015-03-18;3,67;11,04;15,0;1,96
2015-03-19;3,17;16,54;19,83;2,21
2015-03-20;3,92;12,5;17,04;2,17
2015-03-21;2,42;7,29;9,21;1,08
2015-03-22;3,13;10,54;13,75;1,25
2015-03-23;4,46;11,58;16,67;1,58
2015-03-24;2,71;10,42;12,58;1,29
2015-03-25;2,38;21,38;22,96;1,63
2015-03-26;3,63;27,0;30,71;2,17
2015-03-27;3,96;28,13;32,96;2,58
2015-03-28;3,13;25,75;28,83;2,67
2015-03-29;3,27;28,18;31,5;2,55
2015-03-30;8,38;38,75;50,21;4,04
2015-03-31;6,0;29,08;37,13;3,96
2015-04-01;3,5;16,29;20,46;2,29
2015-04-02;4,38;17,96;23,46;2,25
2015-04-03;2,67;18,08;20,13;2,42
2015-04-04;1,75;12,13;12,63;2,04
2015-04-05;1,83;12,21;13,38;2,5
2015-04-06;2,04;10,0;11,25;2,63
2015-04-07;3,38;18,96;22,38;2,54
2015-04-08;4,25;22,96;27,75;3,13
2015-04-09;5,09;26,5;32,55;2,86
2015-04-10;6,5;24,46;33,13;2,63
2015-04-11;3,58;10,54;15,0;1,46
2015-04-12;3,04;16,79;20,38;2,21
2015-04-13;9,67;34,33;47,63;3,79
2015-04-14;4,46;28,91;33,91;3,04
2015-04-15;6,18;22,45;30,77;2,41
2015-04-16;15,17;31,33;53,67;2,17
2015-04-17;5,33;25,78;32,78;1,94
2015-04-18;3,63;16,47;20,74;1,68
2015-04-19;2,63;9,95;13,16;1,0
2015-04-20;3,57;16,57;21,05;1,86
2015-04-21;5,95;25,05;32,82;1,77
2015-04-22;9,08;47,79;60,42;3,54
2015-04-23;5,96;27,67;35,92;2,88
2015-04-24;6,96;23,96;33,54;2,13
2015-04-25;10,29;12,63;27,54;1,0
2015-04-26;8,33;11,0;23,04;1,21
2015-04-27;5,04;11,04;18,13;1,46
2015-04-28;5,75;18,42;26,54;2,08
2015-04-29;6,54;22,25;31,58;2,33
2015-04-30;7,38;14,25;24,79;1,63
2015-05-01;7,96;24,79;36,29;1,71
2015-05-02;9,71;17,5;31,38;1,83
2015-05-03;7,33;27,79;38,29;2,08
2015-05-04;10,0;49,33;62,88;1,54
2015-05-05;5,0;34,71;41,5;2,13
2015-05-06;4,46;17,17;23,38;1,75
2015-05-07;4,21;22,04;27,92;2,58
2015-05-08;9,0;28,54;41,71;2,33
2015-05-09;3,88;15,88;20,96;2,08
2015-05-10;4,13;17,13;22,83;2,29
2015-05-11;5,7;28,61;36,52;3,09
2015-05-12;5,75;23,44;31,5;4,06
2015-05-13;11,25;31,85;48,1;2,95
2015-05-14;15,42;39,71;62,21;2,29
2015-05-15;4,08;13,0;18,38;2,04
2015-05-16;3,79;10,08;15,38;2,42
2015-05-17;6,04;15,0;23,42;3,5
2015-05-18;7,83;22,38;33,42;3,25
2015-05-19;7,58;28,17;38,92;2,79
2015-05-20;3,54;16,38;21,04;1,58
2015-05-21;3,88;16,75;21,88;1,75
2015-05-22;5,0;14,59;21,55;1,91
2015-05-23;3,1;13,57;17,62;2,19
2015-05-24;5,17;13,94;21,33;2,78
2015-05-25;4,67;16,1;22,76;2,48
2015-05-26;6,5;13,21;22,79;1,75
2015-05-27;7,67;14,04;25,21;2,04
2015-05-28;8,75;17,58;30,0;1,75
2015-05-29;8,64;19,55;32,09;2,23
2015-05-30;4,25;14,46;20,25;1,96
2015-05-31;4,13;13,42;19,21;2,29
2015-06-01;4,33;21,46;27,46;2,38
2015-06-02;5,91;16,57;25,22;2,04
2015-06-03;7,42;23,38;34,04;2,46
2015-06-04;6,17;22,54;31,21;3,08
2015-06-05;9,29;20,42;33,83;2,92
2015-06-06;5,5;19,25;26,79;4,0
2015-06-07;5,33;14,63;22,04;2,71
2015-06-08;5,04;23,42;30,33;2,96
2015-06-09;4,04;28,67;33,58;2,29
2015-06-10;3,33;25,08;29,5;2,21
2015-06-11;2,19;14,57;17,05;1,33
2015-06-12;5,83;18,54;26,75;1,29
2015-06-13;1,88;13,13;15,33;1,25
2015-06-14;2,46;9,71;12,75;1,5
2015-06-15;4,26;21,57;27,26;1,26
2015-06-16;9,78;14,78;29,0;1,0
2015-06-18;5,17;19,67;27,0;1,0
2015-06-19;6,08;17,46;25,92;1,79
2015-06-20;5,17;13,71;20,92;2,25
2015-06-21;7,38;14,88;25,42;2,29
2015-06-22;8,14;13,45;25,45;1,82
2015-06-23;3,25;21,29;25,13;2,92
2015-06-24;2,04;9,92;12,58;2,38
2015-06-25;5,46;20,38;28,08;2,88
2015-06-26;5,5;17,75;25,46;2,25
2015-06-27;5,96;14,25;22,75;2,21
2015-06-28;5,79;12,46;20,75;2,13
2015-06-29;10,08;22,79;37,63;4,25
2015-06-30;7,42;16,92;27,79;3,29
2015-07-01;10,04;22,42;37,04;2,83
2015-07-02;6,58;21,38;30,79;2,21
2015-07-03;8,58;28,42;40,83;4,13
2015-07-04;9,33;16,33;29,96;3,75
2015-07-05;9,92;8,79;23,58;2,54
2015-07-06;12,0;18,71;36,17;3,04
2015-07-07;9,08;21,5;34,46;3,33
2015-07-08;2,64;22,45;25,55;1,64
2015-07-09;1,0;10,89;9,0;3,44
2015-07-10;1,13;10,17;8,25;2,29
2015-07-11;1,04;5,75;3,75;2,17
2015-07-12;1,04;2,92;1,92;2,0
2015-07-13;2,63;8,54;8,5;2,13
2015-07-14;2,13;14,13;12,67;2,38
2015-07-15;2,29;13,92;13,04;3,92
2015-07-16;3,17;23,96;24,13;4,08
2015-07-17;4,82;18,64;21,5;2,73
2015-07-18;1,12;9,76;7,35;2,0
2015-07-19;1,0;10,22;7,06;2,94
2015-07-20;1,22;7,87;5,22;2,17
2015-07-21;1,5;14,63;12,13;2,0
2015-07-22;1,08;9,29;6,54;2,25
2015-07-23;1,0;7,79;4,38;2,0
2015-07-24;1,0;4,58;2,67;2,0
2015-07-25;4,07;18,5;20,57;2,0
2015-07-26;3,45;36,45;39,82;2,0
2015-07-27;1,54;19,33;16,5;2,04
2015-07-28;1,0;5,71;2,33;1,96
2015-07-29;1,14;4,64;3,77;1,59
2015-07-30;2,33;3,58;5,17;1,0
2015-07-31;1,23;4,73;3,95;1,0
2015-08-01;1,09;1,3;1,26;1,0
2015-08-02;1,13;1,19;1,44;1,0
2015-08-03;1,27;2,5;2,73;1,0
2015-08-04;2,54;4,88;6,83;1,0
2015-08-05;2,6;3,13;4,87;1,07
2015-08-12;;;;1,0
2015-08-13;;;;1,29
2015-08-14;;;;1,63
2015-08-15;;;;1,81
2015-08-16;;;;1,92
2015-08-17;;;;1,67
2015-08-18;;;;1,31
2015-08-19;;;;1,88
2015-08-20;;;;1,54
2015-08-21;;;;1,38
2015-08-22;;;;1,5
2015-08-23;;;;1,58
2015-08-24;;;;2,0
2015-08-25;;;;2,29
2015-08-26;;;;1,92
2015-08-27;;;;1,58
2015-08-28;;;;1,88
2015-08-29;;;;2,33
2015-08-30;;;;1,92
2015-08-31;;;;1,79
2015-09-01;;;;1,96
2015-09-02;;;;2,0
2015-09-03;;;;2,0
2015-09-04;;;;2,0
2015-09-05;;;;2,25
2015-09-06;;;;2,29
2015-09-07;;;;2,83
2015-09-08;;;;2,13
2015-09-09;;;;2,5
2015-09-10;;;;2,46
2015-09-11;;;;2,17
2015-09-12;;;;2,17
2015-09-13;;;;2,0
2015-09-14;;;;2,67
2015-09-15;;;;2,54
2015-09-16;;;;2,17
2015-09-17;;;;2,38
2015-09-18;;;;2,92
2015-09-19;;;;2,92
2015-09-20;;;;2,62
2015-09-22;;;;1,85
2015-09-23;;;;2,33
2015-09-24;;;;2,54
2015-09-25;;;;4,04
2015-09-26;;;;2,42
2015-09-27;;;;2,33
2015-09-28;;;;2,58
2015-09-29;;;;2,42
2015-09-30;1,08;3,21;3,13;2,04
2015-10-01;2,13;4,54;6,33;3,04
2015-10-02;4,88;6,67;12,21;2,88
2015-10-03;1,21;4,25;3,96;2,17
2015-10-04;1,33;2,88;2,79;2,83
2015-10-05;16,79;16,58;40,88;3,5
2015-10-06;2,08;3,33;4,33;3,17
2015-10-07;1,39;8,56;9,0;1,7
2015-10-08;2,79;20,92;23,67;1,21
2015-10-09;6,92;26,58;35,79;1,75
2015-10-10;1,96;19,83;21,33;1,79
2015-10-11;1,75;15,29;16,46;1,58
2015-10-12;1,42;16,67;17,29;1,0
2015-10-13;6,71;31,0;40,08;1,13
2015-10-14;2,21;24,08;26,42;1,29
2015-10-15;2,13;22,75;24,0;2,0
2015-10-16;3,54;31,17;35,0;2,13
2015-10-17;3,71;27,5;31,54;1,92
2015-10-18;2,29;21,71;23,92;1,38
2015-10-19;11,96;22,79;40,04;1,29
2015-10-20;11,58;36,83;53,5;1,83
2015-10-21;3,36;20,36;24,0;1,55
2015-10-26;10,3;28,6;43,5;1,1
2015-10-27;9,63;23,17;36,92;1,29
2015-10-28;5,58;14,5;22,58;2,17
2015-10-29;11,92;31,79;49,25;3,13
2015-10-30;14,58;33,42;54,92;3,5
2015-10-31;6,04;9,75;18,21;2,21
2015-11-01;3,67;7,54;11,83;2,38
2015-11-02;3,33;4,71;8,46;1,58
2015-11-03;6,83;12,79;21,67;1,21
2015-11-04;6,58;20,88;30,25;1,92
2015-11-05;19,21;36,75;65,33;3,46
2015-11-06;8,67;28,17;39,83;2,38
2015-11-07;5,75;34,71;40,63;3,13
2015-11-08;6,21;24,54;31,13;2,67
2015-11-09;2,08;20,96;19,5;2,88
2015-11-10;2,88;19,04;19,63;2,58
2015-11-11;7,63;30,96;38,96;3,38
2015-11-12;18,21;33,92;59,25;3,17
2015-11-13;5,63;25,83;30,25;2,54
2015-11-14;1,0;10,46;5,63;3,25
2015-11-15;1,17;10,46;7,54;4,21
2015-11-16;8,63;22,88;31,88;4,29
2015-11-17;5,08;23,71;26,75;3,38
2015-11-18;5,63;25,71;29,04;3,17
2015-11-19;5,96;30,5;35,25;4,25
2015-11-20;4,71;16,79;19,5;3,46
2015-11-21;1,0;4,42;2,04;2,63
2015-11-22;1,21;7,63;6,08;2,38
2015-11-23;1,79;19,33;15,04;4,13
2015-11-24;1,13;16,79;10,33;4,13
2015-11-25;11,46;33,96;47,67;4,42
2015-11-26;12,5;34,08;49,75;4,17
2015-11-27;7,33;30,08;36,63;3,46
2015-11-28;2,17;24,79;22,5;3,5
2015-11-29;1,71;11,58;9,58;3,79
2015-11-30;3,91;32,17;33,43;4,78
2015-12-01;12,63;39,29;56,38;4,5
2015-12-02;13,38;41,96;60,63;4,13
2015-12-03;17,71;49,08;74,96;5,13
2015-12-04;13,75;45,92;65,63;3,63
2015-12-05;16,9;47,15;71,45;4,4
2015-12-10;9,17;46,33;58,5;1,0
2015-12-11;9,42;36,08;48,92;2,17
2015-12-12;5,83;33,96;40,96;3,88
2015-12-13;1,83;26,13;27,21;3,58
2015-12-14;28,33;48,33;89,5;4,79
2015-12-15;16,79;44,08;68,42;4,58
2015-12-16;24,0;40,33;75,79;3,96
2015-12-17;17,0;45,71;70,5;4,29
2015-12-18;29,46;47,13;91,0;4,04
2015-12-19;30,04;38,33;83,0;3,79
2015-12-20;16,71;39,5;63,83;3,04
2015-12-21;9,17;29,42;42,17;3,63
2015-12-22;5,42;27,54;33,63;3,5
2015-12-23;11,83;31,63;47,83;3,21
2015-12-24;6,71;34,21;43,17;3,38
2015-12-25;2,17;18,54;19,46;2,63
2015-12-26;2,83;22,79;24,75;2,71
2015-12-27;2,5;20,5;21,46;2,83
2015-12-28;8,96;37,0;48,54;3,46
2015-12-29;4,54;25,13;29,96;3,08
2015-12-30;2,83;25,92;28,21;3,42
2015-12-31;4,58;29,25;34,13;3,33
2016-01-01;2,04;20,54;21,58;2,33
2016-01-02;1,25;14,38;13,58;2,46
2016-01-03;1,17;16,46;14,46;3,71
2016-01-04;2,83;22,79;24,21;3,92
2016-01-05;5,04;18,75;22,88;2,71
2016-01-06;1,0;10,54;7,25;3,13
2016-01-07;1,96;18,17;18,42;3,42
2016-01-08;9,21;28,17;40,75;3,54
2016-01-09;3,33;20,17;23,21;3,67
2016-01-10;1,46;10,96;10,33;3,08
2016-01-11;1,0;12,58;11,42;2,38
2016-01-12;1,33;17,0;15,71;3,29
2016-01-13;1,14;9,09;7,23;3,32
2016-01-14;1,0;24,67;23,0;3,21
2016-01-15;3,07;32,14;33,57;2,08
2016-01-16;1,0;15,18;11,64;2,83
2016-01-17;;;;4,5
2016-01-18;;;;3,88
2016-01-19;3,0;23,69;26,08;2,17
2016-01-20;4,71;32,79;37,46;2,42
2016-01-21;6,25;35,17;42,58;2,63
2016-01-22;12,21;42,13;59,08;2,5
2016-01-23;7,04;33,08;42,63;3,0
2016-01-24;5,71;27,88;34,5;2,42
2016-01-25;5,38;27,29;33,92;1,88
2016-01-26;5,71;30,42;37,38;2,33
2016-01-27;3,63;25,0;28,21;2,13
2016-01-28;3,42;26,63;29,63;2,04
2016-01-29;9,33;32,0;44,33;2,79
2016-01-30;2,33;18,38;19,25;3,54
2016-01-31;2,25;20,21;21,79;2,33
2016-02-01;5,33;20,04;26,08;1,67
2016-02-02;14,0;35,88;55,29;2,38
2016-02-03;4,68;30,55;36,14;2,0
2016-02-04;3,75;27,96;31,71;2,79
2016-02-05;4,5;27,54;31,79;2,96
2016-02-06;6,13;34,42;42,21;3,0
2016-02-07;2,29;13,88;15,58;1,96
2016-02-08;11,88;21,83;38,38;2,75
2016-02-09;4,42;20,29;25,67;2,58
2016-02-10;3,46;17,33;21,21;2,17
2016-02-11;8,92;39,54;51,46;2,0
2016-02-12;13,88;24,29;44,29;3,54
2016-02-13;1,67;12,08;13,96;2,04
2016-02-14;1,21;7,58;7,54;1,46
2016-02-15;4,21;21,58;25,96;2,33
2016-02-16;3,33;25,13;27,54;3,38
2016-02-17;2,13;21,63;21,75;3,88
2016-02-18;5,79;35,42;41,58;4,38
2016-02-19;4,33;31,13;35,33;4,0
2016-02-20;2,46;23,33;25,17;4,46
2016-02-21;2,29;23,0;24,42;5,29
2016-02-22;15,46;36,33;59,0;7,38
2016-02-23;3,5;25,21;29,0;3,0
2016-02-24;3,75;28,25;32,25;4,29
2016-02-25;2,83;22,17;24,88;3,13
2016-02-26;3,5;22,21;25,92;3,08
2016-02-27;1,75;12,96;12,63;1,63
2016-02-28;1,25;7,04;6,38;1,33
2016-02-29;1,33;13,54;12,88;2,17
2016-03-01;2,17;19,0;20,04;3,17
2016-03-02;8,58;22,0;33,29;3,38
2016-03-03;1,25;11,79;11,58;2,63
2016-03-04;2,5;19,79;21,63;2,88
2016-03-05;1,25;7,83;7,21;2,29
2016-03-06;1,33;7,79;6,88;2,46
2016-03-07;1,96;18,67;19,46;2,88
2016-03-08;3,05;21,14;23,82;2,7
2016-03-09;3,33;30,0;32,21;1,96
2016-03-10;2,83;27,04;28,63;2,46
2016-03-11;4,71;31,83;36,63;3,71
2016-03-12;1,58;20,63;20,75;2,79
2016-03-13;1,13;13,38;11,96;2,67
2016-03-14;4,33;29,38;34,17;2,25
2016-03-15;5,79;33,04;39,54;2,33
2016-03-16;3,08;21,21;22,96;2,21
2016-03-17;2,83;20,96;23,04;1,08
2016-03-18;6,83;28,54;37,29;2,17
2016-03-19;6,96;32,54;41,71;1,21
2016-03-20;1,63;14,63;15,13;1,0
2016-03-21;3,04;21,29;24,08;1,21
2016-03-22;2,75;23,25;;1,33
2016-03-23;1,88;18,25;19,08;1,58
2016-03-24;1,58;16,63;16,92;1,75
2016-03-25;1,88;18,33;19,63;1,63
2016-03-26;1,83;13,25;14,75;2,21
2016-03-27;1,68;14,0;15,45;1,82
2016-03-28;1,58;11,0;12,08;2,0
2016-03-29;4,29;20,96;26,33;2,25
2016-03-30;7,46;31,79;42,21;2,46
2016-03-31;10,46;38,5;53,08;2,54
2016-04-01;2,75;27,71;30,25;1,5
2016-04-02;2,79;18,11;20,89;2,11
2016-04-03;1,89;15,74;16,68;1,95
2016-04-04;3,77;17,45;22,5;1,91
2016-04-05;3,67;23,33;27,71;1,0
2016-04-06;2,77;21,45;24,59;1,73
2016-04-07;2,75;20,25;23,25;2,25
2016-04-08;2,54;14,58;17,0;1,54
2016-04-09;1,29;9,08;9,13;1,75
2016-04-10;1,67;11,75;12,83;1,75
2016-04-11;3,13;18,79;22,46;2,13
2016-04-12;2,33;14,75;17,38;2,13
2016-04-13;4,96;18,88;25,58;2,71
2016-04-14;2,5;16,92;19,79;2,33
2016-04-15;4,38;20,0;25,83;3,29
2016-04-16;4,54;14,38;20,54;2,21
2016-04-17;1,29;5,17;6,38;1,46
2016-04-18;4,04;16,5;21,88;2,71
2016-04-19;5,08;22,54;28,96;2,08
2016-04-20;2,42;12,42;15,08;1,88
2016-04-21;2,0;21,67;23,46;1,17
2016-04-22;3,83;23,21;28,42;1,42
2016-04-23;2,68;14,32;17,73;1,73
2016-04-24;1,33;9,83;10,33;2,44
2016-04-25;1,8;11,62;13,65;1,84
2016-04-26;4,38;17,25;22,92;1,08
2016-04-27;2,38;10,67;13,79;1,0
2016-04-28;2,42;18,25;20,88;1,0
2016-04-29;3,79;17,42;22,38;1,29
2016-04-30;1,92;12,75;14,71;1,0
2016-05-01;1,13;7,92;8,38;1,29
2016-05-02;2,04;18,04;20,17;1,79
2016-05-03;3,33;21,21;25,58;2,29
2016-05-04;2,0;12,46;15,0;1,0
2016-05-05;3,25;14,33;18,71;1,0
2016-05-06;3,96;19,38;24,79;1,0
2016-05-07;1,25;7,46;9,08;1,0
2016-05-08;1,5;10,25;12,21;1,0
2016-05-09;2,29;12,0;15,21;1,0
2016-05-10;4,33;22,83;28,54;1,0
2016-05-11;3,21;18,46;22,46;1,0
2016-05-12;2,67;15,5;18,75;1,0
2016-05-13;2,88;18,38;21,96;1,0
2016-05-14;2,17;11,88;14,88;1,0
2016-05-15;1,54;7,79;9,75;1,0
2016-05-16;1,75;7,5;9,75;1,0
2016-05-17;3,63;15,54;20,79;1,17
2016-05-18;3,25;13,38;18,21;1,25
2016-05-19;2,79;9,83;13,67;1,0
2016-05-20;2,5;8,71;12,17;1,0
2016-05-21;2,71;11,71;15,04;1,13
2016-05-22;1,38;6,67;8,25;1,0
2016-05-23;2,17;9,25;11,96;1,0
2016-05-24;2,13;12,96;15,92;1,0
2016-05-25;4,32;17,21;24,32;1,36
2016-05-26;4,58;13,58;19,63;1,5
2016-05-27;4,63;18,13;24,67;2,42
2016-05-28;2,33;15,13;18,13;1,5
2016-05-29;1,5;4,63;6,17;1,79
2016-05-30;2,54;11,04;14,67;2,29
2016-05-31;2,08;13,29;16,17;2,17
2016-06-01;3,13;16,79;20,79;2,71
2016-06-02;2,46;16,13;19,46;2,96
2016-06-03;5,17;23,42;30,63;2,79
2016-06-04;1,96;16,42;18,75;3,75
2016-06-05;2,21;8,33;11,17;2,54
2016-06-06;4,63;16,08;22,54;2,13
2016-06-07;4,71;22,04;28,0;2,71
2016-06-08;2,25;14,96;17,0;2,67
2016-06-09;5,5;20,75;27,75;2,31
2016-06-10;3,92;17,69;22,54;3,15
2016-06-11;2,42;13,96;17,04;2,46
2016-06-12;1,71;6,63;8,88;2,04
2016-06-13;3,58;15,04;20,0;2,17
2016-06-14;2,17;8,17;10,63;1,83
2016-06-15;4,04;13,38;18,58;1,83
2016-06-16;1,5;8,0;10,25;2,5
2016-06-17;;;;1,45
2016-06-18;;;;1,46
2016-06-19;;;;2,17
2016-06-20;;;;2,96
2016-06-21;;;;4,42
2016-06-22;;;;6,0
2016-06-23;;;;3,75
2016-06-24;;;;4,58
2016-06-25;;;;3,54
2016-06-26;;;;2,21
2016-06-27;;;;2,17
2016-06-28;;;;1,96
2016-06-29;;;;2,42
2016-06-30;;;;2,58
2016-07-01;;;;2,33
2016-07-02;;;;3,0
2016-07-03;;;;1,79
2016-07-04;;;;2,58
2016-07-05;;;;3,67
2016-07-06;1,0;9,3;7,5;3,23
2016-07-07;1,04;10,58;8,17;2,21
2016-07-08;4,42;19,25;23,21;3,67
2016-07-09;1,0;8,38;5,33;3,25
2016-07-10;1,0;5,83;2,88;4,21
2016-07-11;1,42;15,0;11,63;3,96
2016-07-12;1,0;6,21;2,71;2,08
2016-07-13;1,0;5,63;2,5;2,17
2016-07-14;1,13;5,42;3,63;2,75
2016-07-15;1,58;7,13;5,63;2,54
2016-07-16;1,08;6,13;3,92;2,13
2016-07-17;1,0;7,29;3,79;3,13
2016-07-18;1,63;11,08;9,88;2,79
2016-07-19;1,29;11,17;8,63;2,21
2016-07-20;1,25;14,71;11,38;2,71
2016-07-21;2,04;28,25;25,58;2,42
2016-07-22;3,92;33,04;33,63;2,29
2016-07-23;1,04;10,67;8,17;2,33
2016-07-24;1,0;7,17;4,04;2,42
2016-07-25;1,71;12,42;10,21;2,42
2016-07-26;2,21;13,88;13,38;2,38
2016-07-27;1,71;9,58;8,92;2,13
2016-07-28;1,63;8,08;8,29;1,96
2016-07-29;3,33;10,0;12,67;1,75
2016-07-30;1,25;7,17;6,67;1,54
2016-07-31;1,17;4,0;3,33;1,58
2016-08-01;1,79;4,38;5,04;1,83
2016-08-02;1,38;3,17;3,42;1,75
2016-08-03;1,96;8,92;9,21;1,67
2016-08-04;1,29;13,0;11,21;2,13
2016-08-05;1,42;7,88;7,17;2,08
2016-08-06;1,04;4,38;2,96;2,42
2016-08-07;1,0;5,96;4,08;2,63
2016-08-08;1,13;5,17;4,21;2,67
2016-08-09;2,04;13,96;13,25;3,33
2016-08-10;1,33;6,63;5,79;2,17
2016-08-11;1,06;5,72;4,28;2,56
2016-08-12;1,16;6,53;5,26;2,89
2016-08-13;1,33;8,5;7,78;2,67
2016-08-14;1,0;5,44;3,83;2,41
2016-08-15;1,0;3,17;2,09;2,0
2016-08-16;1,26;9,47;7,58;2,0
2016-08-17;1,19;6,75;5,44;2,19
2016-08-18;1,59;13,53;12,06;2,41
2016-08-19;1,35;7,2;6,3;1,9
2016-08-20;1,19;7,31;5,19;1,69
2016-08-21;1,0;3,56;1,81;2,44
2016-08-22;1,5;7,95;8,15;2,45
2016-08-23;1,71;10,35;9,82;2,65
2016-08-24;2,23;21,14;21,82;4,23
2016-08-25;2,04;15,79;15,25;3,33
2016-08-26;2,88;14,04;15,33;2,92
2016-08-27;1,04;12,04;10,08;2,54
2016-08-28;1,08;2,29;1,58;1,67
2016-08-29;1,0;9,54;6,46;1,79
2016-08-30;1,29;9,5;8,08;2,08
2016-08-31;2,71;14,25;15,79;2,71
2016-09-01;1,79;17,38;16,29;2,75
2016-09-02;1,67;17,88;16,92;3,25
2016-09-03;1,63;13,38;12,08;2,75
2016-09-04;1,25;16,88;14,71;3,29
2016-09-05;2,67;24,58;25,13;3,25
2016-09-06;2,25;16,96;17,08;2,92
2016-09-07;3,79;12,04;15,13;2,67
2016-09-08;1,54;10,13;9,54;2,71
2016-09-09;1,5;11,68;11,1;1,45
2016-09-10;1,75;8,5;8,83;1,33
2016-09-11;1,17;4,96;4,21;1,42
2016-09-12;;;;1,71
2016-09-13;;;;1,71
2016-09-14;;;;1,88
2016-09-15;;;;3,29
2016-09-16;4,62;17,77;24,38;3,63
2016-09-17;2,38;6,29;8,75;2,71
2016-09-18;3,08;8,92;12,46;2,67
2016-09-19;5,71;19,75;27,83;4,0
2016-09-20;3,92;27,29;32,08;3,42
2016-09-21;3,96;22,5;27,58;3,21
2016-09-22;7,75;25,46;36,13;3,33
2016-09-23;4,96;18,88;25,29;2,38
2016-09-24;3,83;10,21;15,33;2,42
2016-09-25;1,67;13,56;15,33;2,0
2016-09-26;1,2;9,9;9,7;2,0
2016-09-27;4,63;10,79;16,46;3,25
2016-09-28;6,29;12,25;19,88;3,29
2016-09-29;1,58;14,46;13,75;3,29
2016-09-30;2,08;15,67;15,46;3,25
2016-10-01;1,54;14,63;12,96;3,42
2016-10-02;1,0;9,92;6,25;3,13
2016-10-03;3,96;15,63;19,21;3,33
2016-10-04;3,58;16,75;19,08;3,33
2016-10-05;3,71;17,67;20,71;3,67
2016-10-06;3,13;25,83;26,92;2,92
2016-10-07;3,25;18,04;19,88;3,63
2016-10-08;2,08;17,21;15,63;2,92
2016-10-09;1,0;8,79;5,29;3,42
2016-10-10;3,13;31,67;33,08;3,79
2016-10-11;5,67;20,71;25,25;3,58
2016-10-12;1,67;17,29;15,46;3,42
2016-10-13;9,13;35,58;46,0;2,67
2016-10-14;6,71;19,71;26,96;2,75
2016-10-15;2,75;12,79;14,46;3,25
2016-10-16;1,21;12,54;10,42;3,38
2016-10-17;4,0;27,13;29,17;3,96
2016-10-18;4,75;21,0;24,54;3,71
2016-10-19;6,46;16,08;20,96;3,38
2016-10-20;3,17;23,91;24,78;3,3
2016-10-21;1,75;23,75;23,5;3,45
2016-10-22;1,08;15,58;13,13;2,96
2016-10-23;3,33;14,38;16,92;3,08
2016-10-24;14,29;29,63;49,08;3,5
2016-10-25;17,88;29,67;54,79;3,0
2016-10-26;25,77;30,64;68,41;3,45
2016-10-27;21,55;32,32;64,09;2,77
2016-10-28;11,88;26,58;43,96;1,58
2016-10-29;6,29;24,33;33,54;2,0
2016-10-30;5,96;28,71;37,17;2,63
2016-10-31;9,83;28,75;42,96;1,79
2016-11-01;4,46;20,13;26,08;1,5
2016-11-02;4,13;27,71;33,21;2,04
2016-11-03;8,33;35,21;47,0;2,54
2016-11-04;11,67;37,79;54,21;2,08
2016-11-05;2,29;11,0;13,83;1,38
2016-11-06;1,38;9,63;10,67;1,67
2016-11-07;3,75;22,54;26,5;2,5
2016-11-08;3,0;18,92;21,38;2,5
2016-11-09;2,58;16,58;19,0;2,29
2016-11-10;2,96;17,63;20,79;2,17
2016-11-11;5,46;29,04;36,0;2,25
2016-11-12;4,75;29,58;35,92;2,83
2016-11-13;4,04;23,17;27,46;2,86
2016-11-14;9,83;24,67;38,83;2,2
2016-11-26;11,38;41,08;56,58;2,92
2016-11-27;2,75;24,17;26,5;2,5
2016-11-28;13,08;36,0;55,21;2,96
2016-11-29;17,43;26,83;52,09;10,5
2016-11-30;4,38;20,29;25,17;2,0
2016-12-01;12,13;36,17;53,5;2,21
2016-12-02;4,38;26,79;31,46;2,17
2016-12-03;9,79;29,54;43,25;2,58
2016-12-04;5,88;26,04;33,96;2,17
2016-12-05;2,25;11,21;13,08;1,46
2016-12-06;3,67;25,42;29,58;1,92
2016-12-07;7,04;30,92;40,33;2,25
2016-12-08;7,04;32,38;42,04;2,46
2016-12-09;7,58;32,08;42,13;3,13
2016-12-10;4,29;25,13;29,54;2,92
2016-12-11;2,58;15,17;17,71;3,33
2016-12-12;7,96;28,67;39,04;3,42
2016-12-13;14,54;40,54;61,42;3,29
2016-12-14;10,17;38,46;52,79;2,58
2016-12-15;24,79;41,83;78,83;2,96
2016-12-16;40,86;34,09;95,36;3,0
2016-12-17;1,67;10,46;11,58;1,92
2016-12-18;3,58;22,42;26,08;2,63
2016-12-19;8,63;31,38;41,13;2,0
2016-12-20;4,54;27,33;32,04;2,04
2016-12-21;5,04;31,42;37,13;2,42
2016-12-22;2,58;21,58;23,5;2,71
2016-12-23;4,13;21,5;25,83;2,83
2016-12-24;3,0;14,46;16,96;2,29
2016-12-25;1,21;8,67;7,79;2,0
2016-12-26;5,33;18,79;25,29;2,21
2016-12-27;15,96;34,92;57,54;2,71
2016-12-28;10,75;34,88;49,71;3,04
2016-12-29;9,5;28,17;40,42;3,25
2016-12-30;7,04;37,58;47,21;3,17
2016-12-31;3,08;26,46;28,38;2,96
2017-01-01;;16,58;14,92;2,42
2017-01-02;;24,08;25,13;3,08
2017-01-03;;29,54;37,0;3,42
2017-01-04;;27,21;31,63;4,04
2017-01-05;;27,83;30,04;3,38
2017-01-06;;23,63;23,92;3,54
2017-01-07;;30,83;35,92;5,04
2017-01-08;;17,67;16,33;5,5
2017-01-09;;22,46;23,92;3,67
2017-01-10;;34,05;46,82;3,59
2017-01-11;;33,46;57,92;3,71
2017-01-12;;31,79;49,38;4,04
2017-01-13;;18,29;23,42;3,46
2017-01-14;;13,29;16,13;3,58
2017-01-15;;14,04;17,46;4,5
2017-01-16;;32,25;43,38;4,92
2017-01-17;;22,08;27,92;3,79
2017-01-18;;34,25;41,13;6,17
2017-01-19;;15,21;18,21;4,42
2017-01-20;;9,17;13,42;2,79
2017-01-21;;6,24;8,95;2,19
2017-01-22;;8,76;11,59;2,24
2017-01-23;;28,74;37,87;2,13
2017-01-24;;34,21;48,38;3,0
2017-01-25;;43,83;74,54;3,04
2017-01-26;;38,82;60,59;2,0
2017-01-27;;53,27;102,36;1,36
2017-01-31;;28,27;39,36;1,0
2017-02-01;;33,88;64,08;1,21
2017-02-02;;31,71;44,33;1,17
2017-02-03;;23,58;30,58;1,46
2017-02-04;;11,75;15,46;1,0
2017-02-05;;6,67;8,54;1,0
2017-02-06;;10,75;12,83;1,21
2017-02-07;;30,88;48,67;1,38
2017-02-08;;21,75;27,38;1,08
2017-02-09;;20,92;24,88;1,75
2017-02-10;;44,42;62,5;2,38
2017-02-11;;26,17;34,17;1,29
2017-02-12;;6,67;9,46;1,0
2017-02-13;;15,25;19,13;1,0
2017-02-14;;21,19;29,38;1,0
2017-02-15;;19,79;31,08;1,0
2017-02-16;;23,58;32,25;1,0
2017-02-17;;32,54;54,04;1,29
2017-02-18;;28,29;40,5;1,58
2017-02-19;;18,04;22,63;1,33
2017-02-20;;21,58;27,42;1,38
2017-02-21;;25,33;36,5;1,75
2017-02-22;;26,42;38,25;2,21
2017-02-23;;48,17;75,58;2,83
2017-02-24;;49,71;95,13;1,25
2017-02-25;;17,54;26,38;1,21
2017-02-26;;15,13;19,04;1,54
2017-02-27;;19,79;25,88;1,54
2017-02-28;;24,55;30,18;2,14
2017-03-01;;20,04;21,79;1,79
2017-03-02;;25,5;30,17;1,88
2017-03-03;;33,71;38,46;1,17
2017-03-04;;12,71;10,79;1,0
2017-03-05;;16,96;16,83;1,54
2017-03-06;;22,75;42,83;1,54
2017-03-07;;17,0;19,54;1,5
2017-03-08;;27,67;32,13;1,5
2017-03-09;;53,58;85,83;2,04
2017-03-10;;42,54;55,42;1,71
2017-03-11;;28,33;31,13;2,21
2017-03-12;;20,75;20,17;1,63
2017-03-13;;18,83;21,88;1,08
2017-03-14;;22,71;24,96;1,54
2017-03-15;;41,0;47,5;2,58
2017-03-16;;32,29;36,5;2,58
2017-03-17;;43,38;48,38;3,58
2017-03-18;;36,08;38,08;3,67
2017-03-19;;21,04;22,75;2,38
2017-03-20;;34,63;40,42;2,67
2017-03-21;;34,88;42,42;1,83
2017-03-22;;17,96;19,17;1,67
2017-03-23;;17,17;;1,5
2017-03-24;;33,17;40,04;1,46
2017-03-25;;9,5;8,42;1,0
2017-03-26;;16,23;18,86;1,36
2017-03-27;;32,83;47,5;1,21
2017-03-28;;28,33;37,42;1,58
2017-03-29;;26,13;34,75;1,92
2017-03-30;;22,75;28,29;2,25
2017-03-31;;24,09;29,55;1,73
2017-04-01;;16,29;17,5;1,08
2017-04-02;;9,33;8,88;1,33
2017-04-03;;24,42;27,17;1,88
2017-04-04;;16,75;17,25;1,75
2017-04-05;;24,96;30,04;1,46
2017-04-06;;17,83;19,96;1,71
2017-04-07;;20,24;23,0;1,76
2017-04-18;;13,7;14,0;1,0
2017-04-19;;18,29;19,83;1,88
2017-04-20;;18,63;24,54;2,46
2017-04-21;;19,0;24,25;3,17
2017-04-22;;11,88;12,67;2,92
2017-04-23;;14,33;16,17;3,42
2017-04-24;;20,42;31,46;3,29
2017-04-25;;13,29;15,67;1,54
2017-04-26;;20,21;21,25;1,0
2017-04-27;;21,71;22,67;1,0
2017-04-28;;15,95;16,57;1,76
2017-04-29;;10,58;11,33;1,96
2017-04-30;;2,88;2,83;1,13
2017-05-01;;3,63;4,54;1,5
2017-05-02;;19,08;26,17;2,21
2017-05-03;;32,08;41,33;1,29
2017-05-04;;17,71;21,75;1,63
2017-05-05;;15,58;19,08;1,5
2017-05-06;;5,92;6,63;1,71
2017-05-07;;8,67;10,38;1,79
2017-05-08;;16,88;20,08;1,88
2017-05-09;;25,75;35,25;2,04
2017-05-10;;21,88;32,38;1,38
2017-05-11;;13,63;16,79;1,0
2017-05-12;;12,7;14,57;1,48
2017-05-13;;6,88;7,71;2,0
2017-05-14;;18,12;20,24;3,47
2017-05-15;;24,89;33,17;3,0
2017-05-16;;34,73;42,5;3,32
2017-05-17;;25,63;32,17;3,25
2017-05-18;;15,75;20,33;1,75
2017-05-19;;9,33;11,38;1,96
2017-05-20;;8,38;9,96;2,08
2017-05-21;;6,38;7,42;1,75
2017-05-22;;14,88;17,96;1,67
2017-05-23;;24,63;29,63;2,04
2017-05-24;;18,08;22,04;2,25
2017-05-25;;22,42;27,04;2,67
2017-05-26;;28,29;36,21;1,96
2017-05-27;;12,58;15,42;1,38
2017-05-28;;16,88;20,38;2,0
2017-05-29;;21,75;25,04;2,88
2017-05-30;;25,58;42,75;2,05
2017-05-31;;24,38;28,54;3,42
2017-06-01;;25,92;32,25;4,04
2017-06-02;;20,83;25,38;3,17
2017-06-03;;16,42;16,92;2,79
2017-06-04;;6,92;5,71;2,08
2017-06-05;;11,54;12,0;1,63
2017-06-06;;20,25;26,79;2,42
2017-06-07;;12,92;12,21;1,92
2017-06-08;;12,96;14,13;1,96
2017-06-09;;17,08;22,79;2,17
2017-06-10;;15,79;16,67;2,38
2017-06-11;;12,58;13,0;3,58
2017-06-12;;25,83;34,5;5,0
2017-06-13;;21,5;28,13;3,54
2017-06-14;;24,96;31,96;3,96
2017-06-15;;27,13;31,38;4,17
2017-06-16;;31,67;41,38;3,46
2017-06-17;;16,25;20,79;3,83
2017-06-18;;12,71;15,13;3,75
2017-06-19;;19,96;26,33;2,42
2017-06-20;;13,29;15,67;2,13
2017-06-21;;21,42;23,63;3,29
2017-06-22;;24,38;29,46;4,21
2017-06-23;;23,5;30,67;4,71
2017-06-24;;11,04;12,54;4,42
2017-06-25;;9,83;10,08;2,04
2017-06-26;;21,5;33,29;2,88
2017-06-27;;21,33;27,93;2,47
2017-06-30;;;;1,0
2017-07-01;;;;1,04
2017-07-02;;;;1,0
2017-07-03;;;;1,29
2017-07-04;;;;1,71
2017-07-05;;;;1,25
2017-07-06;;;;1,08
2017-07-07;;;;1,0
2017-07-08;;;;1,71
2017-07-09;;;;1,08
2017-07-10;;;;1,04
2017-07-11;;;;1,13
2017-07-12;;;;1,0
2017-07-13;;;;1,0
2017-07-14;;;;1,0
2017-07-15;;;;1,13
2017-07-16;;;;1,67
2017-07-17;;;;1,46
2017-07-18;;;;1,29
2017-07-19;;;;1,67
2017-07-20;;;;1,0
2017-07-21;;;;1,13
2017-07-22;;;;1,0
2017-07-23;;;;1,13
2017-07-24;;;;1,04
2017-07-25;;;;1,0
2017-07-26;;;;1,08
2017-07-27;;;;1,08
2017-07-28;;;;1,25
2017-07-29;;;;1,42
2017-07-30;;6,38;16,83;1,67
2017-07-31;;11,38;19,58;1,0
2017-08-01;;10,96;10,29;1,0
2017-08-02;;14,13;22,96;1,08
2017-08-03;;16,04;39,21;1,63
2017-08-04;;8,75;21,71;1,42
2017-08-05;;4,25;15,58;1,21
2017-08-06;;;;1,08
2017-08-07;;;;1,0
2017-08-08;;;;1,0
2017-08-09;;;;1,25
2017-08-10;;;;1,29
2017-08-11;;;;1,24
2017-08-12;;;;1,21
2017-08-13;;;;1,4
2017-08-14;;;;1,79
2017-08-15;;;;1,15
2017-08-16;;;;1,05
2017-08-17;;;;1,13
2017-08-18;;;;1,17
2017-08-19;;;;1,0
2017-08-20;;;;1,0
2017-08-21;;;;1,13
2017-08-22;;;;1,08
2017-08-23;;;;1,05
2017-08-24;;;;1,26
2017-08-25;;;;1,82
2017-08-26;;;;1,0
2017-08-27;;;;1,0
2017-08-28;;;;1,16
2017-08-29;;;;1,36
2017-08-30;;;;1,52
2017-08-31;;;;1,0
2017-09-01;;;;1,17
2017-09-02;;;;1,83
2017-09-13;;;;1,92
2017-09-14;;;;1,13
2017-09-15;;;;1,17
2017-09-16;;;;1,83
2017-09-17;;;;2,33
2017-09-18;;;;1,96
2017-09-19;;;;2,0
2017-09-20;;;;2,17
2017-09-21;;;;1,92
2017-09-22;;;;1,18
2017-09-23;;;;1,08
2017-09-24;;;;1,08
2017-09-25;;;;1,17
2017-09-26;;;;1,71
2017-09-27;;;;1,67
2017-09-28;;;;1,71
2017-09-29;;;;1,63
2017-09-30;;;;1,26
2017-10-01;;;;1,17
2017-10-02;;;;1,63
2017-10-03;;;;1,5
2017-10-04;;;;1,33
2017-10-05;;;;1,58
2017-10-06;;;;1,46
2017-10-07;;;;1,88
2017-10-08;;;;2,08
2017-10-09;;;;2,0
2017-10-10;;;;1,63
2017-10-11;;;;1,54
2017-10-12;;;;1,46
2017-10-13;;;;1,46
2017-10-14;;;;1,83
2017-10-15;;;;1,58
2017-10-16;;;;1,71
2017-10-17;;;;1,83
2017-10-18;;;;1,88
2017-10-19;;;;1,04
2017-10-20;;;;1,04
2017-10-21;;;;1,58
2017-10-22;;;;1,88
2017-10-23;;;;2,08
2017-10-24;;;;2,33
2017-10-25;;;;2,17
2017-10-26;;;;1,92
2017-10-27;;;;2,04
2017-10-28;;;;2,0
2017-10-29;;;;2,29
2017-10-30;;;;1,76
2017-10-31;;;;1,13
2017-11-01;;;;1,21
2017-11-02;;;;1,21
2017-11-03;;;;1,08
2017-11-04;;;;1,06
2017-11-08;;;;1,91
2017-11-09;;;;2,67
2017-11-10;;;;3,13
2017-11-11;;;;2,96
2017-11-12;;;;2,67
2017-11-13;;;;3,04
2017-11-14;;;;4,42
2017-11-15;;;;4,42
2017-11-16;;;;3,83
2017-11-17;;;;3,96
2017-11-18;;;;4,17
2017-11-19;;;;3,96
2017-11-20;;;;3,83
2017-11-21;;;;4,0
2017-11-22;;;;4,17
2017-11-23;;;;3,13
2017-11-24;;;;3,75
2017-11-25;;;;3,1
2017-11-26;;;;3,32
2017-11-27;;;;3,75
2017-11-28;;;;4,25
2017-11-29;;;;4,38
2017-11-30;;;;4,17
2017-12-01;;;;4,04
2017-12-02;;;;4,79
2017-12-03;;;;6,21
2017-12-04;;;;6,13
2017-12-05;;;;5,23
2017-12-11;;;;1,58
2017-12-12;;;;1,88
2017-12-13;;;;2,42
2017-12-14;;;;2,33
2017-12-15;;;;2,08
2017-12-16;;;;2,54
2017-12-17;;;;4,08
2017-12-18;;;;2,96
2017-12-19;;;;3,17
2017-12-20;;;;3,38
2017-12-21;;;;4,0
2017-12-22;;;;3,0
2017-12-23;;;;2,54
2017-12-24;;;;2,46
2017-12-25;;;;2,13
2017-12-26;;;;2,08
2018-01-03;;;;1,0
2018-01-04;;;;1,58
2018-01-05;;;;2,29
2018-01-06;;;;2,08
2018-01-07;;;;1,29
2018-01-08;;;;2,0
2018-01-09;;;;2,54
2018-01-10;;;;2,92
2018-01-11;;;;2,46
2018-01-12;;;;2,83
2018-01-13;;;;2,63
2018-01-14;;;;2,04
2018-01-15;;;;2,54
2018-01-16;;;;2,54
2018-01-17;;;;2,29
2018-01-18;;;;2,33
2018-01-19;;;;2,1
2018-01-20;;;;1,5
2018-01-21;;;;1,46
2018-01-22;;;;1,29
2018-01-23;;;;1,38
2018-01-24;;;;1,63
2018-01-25;;;;1,04
2018-01-26;;;;1,0
2018-01-27;;;;1,08
2018-01-28;;;;1,33
2018-01-29;;;;1,79
2018-01-30;;;;1,83
2018-01-31;;;;1,79
2018-02-01;;;;1,17
2018-02-02;;;;1,21
2018-02-03;;;;1,75
2018-02-04;;;;1,0
2018-02-05;;;;1,0
2018-02-06;;;;1,0
2018-02-07;;;;1,29
2018-02-08;;;;1,46
2018-02-09;;;;1,54
2018-02-10;;;;2,83
2018-02-11;;;;3,38
2018-02-12;;;;1,0
2018-02-13;;;;1,29
2018-02-14;;;;1,33
2018-02-15;;;;1,54
2018-02-16;;;;1,54
2018-02-17;;;;1,25
2018-02-18;;;;1,75
2018-02-19;;;;1,29
2018-02-20;;;;1,38
2018-02-21;;;;1,29
2018-02-22;;;;2,23
2018-02-23;;;;3,17
2018-02-24;;;;3,46
2018-02-25;;;;3,71
2018-02-26;;;;3,25
2018-02-27;;;;3,33
2018-02-28;;;;2,92
2018-03-01;;;;2,42
2018-03-02;;;;2,54
2018-03-03;;;;2,33
2018-03-04;;;;2,13
2018-03-05;;;;2,29
2018-03-06;;;;2,54
2018-03-07;;;;3,33
2018-03-08;;;;2,88
2018-03-09;;;;2,71
2018-03-10;;;;2,38
2018-03-11;;;;2,29
2018-03-12;;;;2,96
2018-03-13;;;;3,17
2018-03-14;;;;2,75
2018-03-15;;;;2,54
2018-03-16;;;;3,08
2018-03-17;;;;3,04
2018-03-18;;;;2,79
2018-03-19;;;;3,08
2018-03-20;;;;2,2
2018-03-21;;;;2,69
2018-03-22;;;;3,88
2018-03-23;;;;4,38
2018-03-24;;;;2,88
2018-03-25;;;;2,3
2018-03-26;;;;2,38
2018-03-27;;;;2,79
2018-03-28;;;;2,88
2018-03-29;;;;2,46
2018-03-30;;;;2,63
2018-03-31;;;;3,21
2018-04-01;;;;4,04
2018-04-02;;;;3,58
2018-04-03;;;;2,86
2018-04-04;;;;3,04
2018-04-05;;;;3,29
2018-04-06;;;;3,08
2018-04-07;;;;2,17
2018-04-08;;;;2,04
2018-04-09;;;;2,29
2018-04-10;;;;2,46
2018-04-11;;;;2,0
2018-04-12;;;;2,25
2018-04-13;;;;2,04
2018-04-14;;;;2,0
2018-04-15;;;;2,33
2018-04-16;;;;2,0
2018-04-17;;;;2,33
2018-04-18;;;;2,67
2018-04-19;;;;2,79
2018-04-20;;;;2,71
2018-04-21;;;;3,0
2018-04-22;;;;2,96
2018-04-23;;;;5,04
2018-04-24;;;;3,21
2018-04-25;;;;2,86
2018-04-26;;;;2,25
2018-04-27;;;;2,0
2018-04-28;;;;2,33
2018-04-29;;;;1,33
2018-04-30;;;;1,79
2018-05-01;;;;1,71
2018-05-02;;;;1,75
2018-05-03;;;;1,54
2018-05-04;;;;1,83
2018-05-05;;;;2,0
2018-05-06;;;;1,29
2018-05-07;;;;1,33
2018-05-08;;;;1,25
2018-05-09;;;;1,25
2018-05-10;;;;1,33
2018-05-11;;;;1,29
2018-05-12;;;;1,0
2018-05-13;;;;1,04
2018-05-14;;;;1,75
2018-05-15;;;;2,0
2018-05-16;;;;2,75
2018-05-17;;;;2,25
2018-05-18;;;;2,08
2018-05-19;;;;1,71
2018-05-20;;;;1,96
2018-05-21;;;;1,75
2018-05-22;;;;2,04
2018-05-23;;;;1,46
2018-05-24;;;;2,38
2018-05-25;;;;1,42
2018-05-26;;;;1,04
2018-05-27;;;;1,04
2018-05-28;;;;1,0
2018-05-29;;;;1,0
2018-05-30;;;;1,0
2018-05-31;;;;1,21
2018-06-01;;;;1,46
2018-06-02;;;;1,17
2018-06-03;;;;1,0
2018-06-04;;;;1,0
2018-06-05;;;;1,0
2018-06-06;;;;1,0
2018-06-07;;;;1,0
2018-06-08;;;;1,0
2018-06-09;;;;1,08
2018-06-10;;;;1,25
2018-06-11;;;;1,04
2018-06-12;;;;1,13
2018-06-13;;;;1,5
2018-06-14;;;;1,63
2018-06-15;;;;1,92
2018-06-16;;;;1,33
2018-06-17;;;;1,5
2018-06-18;;;;1,75
2018-06-19;;;;1,63
2018-06-20;;;;1,71
2018-06-21;;;;1,96
2018-06-22;;;;2,0
2018-06-23;;;;2,08
2018-06-24;;;;2,38
2018-06-25;;;;1,92
2018-06-26;;;;1,41
2018-06-27;;;;1,38
2018-06-28;;;;1,21
2018-06-29;;;;1,17
2018-06-30;;;;1,04
2018-07-01;;;;1,21
2018-07-02;;;;1,04
2018-07-03;;;;1,17
2018-07-04;;;;1,25
2018-07-05;;;;1,08
2018-07-06;;;;1,04
2018-07-07;;;;1,0
2018-07-08;;;;1,0
2018-07-09;;;;1,17
2018-07-10;;;;1,0
2018-07-11;;;;1,0
2018-07-12;;;;1,0
2018-07-13;;;;1,04
2018-07-14;;;;1,29
2018-07-15;;;;1,17
2018-07-16;;;;1,0
2018-07-17;;;;1,0
2018-07-18;;;;1,08
2018-07-19;;;;1,21
2018-07-20;;;;1,04
2018-07-21;;;;1,0
2018-07-22;;;;1,04
2018-07-23;;;;1,0
2018-07-24;;;;1,0
2018-07-25;;;;1,32
2018-07-26;;;;2,04
2018-07-27;;;;1,71
2018-07-28;;;;1,13
2018-07-29;;;;1,04
2018-07-30;;;;1,17
2018-07-31;;;;2,54
2018-08-01;;;;2,38
2018-08-02;;;;2,54
2018-08-03;;;;3,08
2018-08-04;;;;4,21
2018-08-05;;;;3,75
2018-08-06;;;;4,08
2018-08-07;;;;2,75
2018-08-08;;;;4,63
2018-08-09;;;;3,46
2018-08-10;;;;2,96
2018-08-11;;;;3,33
2018-08-12;;;;2,13
2018-08-13;;;;2,75
2018-08-14;;;;1,88
2018-08-15;;;;2,38
2018-08-16;;;;2,13
2018-08-17;;;;1,67
2018-08-18;;;;2,38
2018-08-19;;;;2,79
2018-08-20;;;;3,79
2018-08-21;;;;2,67
2018-08-22;;;;2,73
2018-08-23;;;;1,75
2018-08-24;;;;1,67
2018-08-25;;;;1,67
2018-08-26;;;;1,88
2018-08-27;;;;1,42
2018-08-28;;;;1,17
2018-08-29;;;;1,25
2018-08-30;;;;1,63
2018-08-31;;;;1,04
2018-09-01;;;;3,13
2018-09-02;;;;5,75
2018-09-03;;;;7,21
2018-09-04;;;;8,46
2018-09-05;;;;2,31
2018-09-06;;;;3,25
2018-09-07;;;;6,46
2018-09-08;;;;9,58
2018-09-09;;;;11,62
2018-09-13;;;;11,29
2018-09-14;;;;7,38
2018-09-15;;;;5,71
2018-09-16;;;;5,46
2018-09-17;;;;5,79
2018-09-18;;;;6,42
2018-09-19;;;;9,88
2018-09-20;;;;7,04
2018-09-21;;;;1,75
2018-09-22;;;;1,79
2018-09-23;;;;1,88
2018-09-24;;;;1,83
2018-09-25;;;;1,63
2018-09-26;;;;1,83
2018-09-27;;;;1,46
2018-09-28;;;;1,67
2018-09-29;;;;1,67
2018-09-30;;;;1,71
2018-10-01;;;;1,63
2018-10-02;;;;1,67
2018-10-03;;;;1,92
2018-10-04;;;;1,96
2018-10-05;;;;1,71
2018-10-06;;;;1,79
2018-10-07;;;;1,54
2018-10-08;;;;1,38
2018-10-09;;;;1,67
2018-10-10;;;;2,0
2018-10-11;;;;1,88
2018-10-12;;;;2,04
2018-10-13;;;;2,0
2018-10-14;;;;1,96
2018-10-15;;;;2,0
2018-10-16;;;;1,92
2018-10-17;;;;2,08
2018-10-18;;;;2,0
2018-10-19;;;;2,04
2018-10-20;;;;2,08
2018-10-21;;;;2,13
2018-10-22;;;;2,08
2018-10-23;;;;2,13
2018-10-24;;;;1,96
2018-10-25;;;;2,04
2018-10-26;;;;1,79
2018-10-27;;;;1,67
2018-10-28;;;;1,21
2018-10-29;;;;1,13
2018-10-30;;;;1,67
2018-10-31;;;;1,75
2018-11-01;;;;1,58
2018-11-02;;;;1,63
2018-11-03;;;;1,79
2018-11-04;;;;2,13
2018-11-05;;;;2,0
2018-11-06;;;;1,79
2018-11-07;;;;2,04
2018-11-08;;;;1,96
2018-11-09;;;;1,92
2018-11-10;;;;1,83
2018-11-11;;;;2,13
2018-11-12;;;;2,04
2018-11-13;;;;2,17
2018-11-14;;;;2,17
2018-11-15;;;;2,0
2018-11-16;;;;1,96
2018-11-17;;;;1,95
2018-11-20;;;;1,08
2018-11-21;;;;1,38
2018-11-22;;;;1,38
2018-11-23;;;;1,63
2018-11-24;;;;1,58
2018-11-25;;;;1,67
2018-11-26;;;;1,54
2018-11-27;;;;1,92
2018-11-28;;;;1,92
2018-11-29;;;;2,04
2018-11-30;;;;2,13
2018-12-01;;;;2,04
2018-12-02;;;;2,29
2018-12-03;;;;2,17
2018-12-04;;;;2,29
2018-12-05;;;;2,21
2018-12-06;;;;2,08
2018-12-07;;;;2,04
2018-12-08;;;;2,17
2018-12-09;;;;2,25
2018-12-10;;;;2,08
2018-12-11;;;;2,08
2018-12-12;;;;2,08
2018-12-13;;;;1,92
2018-12-14;;;;2,0
2018-12-15;;;;1,96
2018-12-16;;;;2,0
2018-12-17;;;;2,0
2018-12-18;;;;1,79
2018-12-19;;;;2,08
2018-12-20;;;;2,13
2018-12-21;;;;2,13
2018-12-22;;;;2,25
2018-12-23;;;;2,25
2018-12-24;;;;2,13
2018-12-25;;;;2,04
2018-12-26;;;;1,96
2018-12-27;;;;2,17
2018-12-28;;;;2,17
2018-12-29;;;;2,21
2018-12-30;;;;2,17
2018-12-31;;;;2,25
2019-01-01;;;;2,29
2019-01-02;;;;2,04
2019-01-03;;;;2,17
2019-01-04;;;;1,96
2019-01-05;;;;2,08
2019-01-06;;;;2,21
2019-01-07;;;;2,17
2019-01-08;;;;1,79
2019-01-09;;;;2,04
2019-01-10;;;;2,0
2019-01-11;;;;1,83
2019-01-12;;;;1,96
2019-01-13;;;;2,08
2019-01-14;;;;2,17
2019-01-15;;;;2,33
2019-01-16;;;;2,25
2019-01-17;;;;2,29
2019-01-18;;;;2,0
2019-01-19;;;;2,29
2019-01-20;;;;2,0
2019-01-21;;;;2,29
2019-01-22;;;;2,08
2019-01-23;;;;2,17
2019-01-24;;;;2,17
2019-01-25;;;;2,42
2019-01-26;;;;2,5
2019-01-27;;;;2,33
2019-01-28;;;;2,21
2019-01-29;;;;2,04
2019-01-30;;;;2,38
2019-01-31;;;;2,46
2019-02-01;;;;
