date;pm10
2013-01-01;13,92
2013-01-02;18,38
2013-01-03;18,08
2013-01-04;24,42
2013-01-05;20,79
2013-01-06;16,42
2013-01-07;25,88
2013-01-08;36,5
2013-01-09;36,38
2013-01-10;44,08
2013-01-11;30,71
2013-01-12;23,63
2013-01-13;8,46
2013-01-14;9,21
2013-01-15;12,88
2013-01-16;15,13
2013-01-17;17,75
2013-01-18;19,71
2013-01-19;19,13
2013-01-20;4,71
2013-01-21;9,88
2013-01-22;15,96
2013-01-23;9,75
2013-01-24;10,38
2013-01-25;14,38
2013-01-26;16,17
2013-01-27;24,25
2013-01-28;15,88
2013-01-29;23,67
2013-01-30;38,75
2013-01-31;31,92
2013-02-01;31,58
2013-02-02;14,5
2013-02-03;9,96
2013-02-04;23,21
2013-02-05;26,88
2013-02-06;20,33
2013-02-07;13,54
2013-02-08;18,46
2013-02-09;16,25
2013-02-10;15,75
2013-02-11;14,04
2013-02-12;14,92
2013-02-13;19,25
2013-02-14;31,55
2013-02-15;35,33
2013-02-16;29,0
2013-02-17;34,0
2013-02-18;36,71
2013-02-19;26,5
2013-02-20;32,42
2013-02-21;50,67
2013-02-22;32,29
2013-02-23;18,71
2013-02-24;16,0
2013-02-25;21,04
2013-02-26;26,13
2013-02-27;26,21
2013-02-28;13,73
2013-03-01;6,13
2013-03-02;21,58
2013-03-03;24,63
2013-03-04;26,75
2013-03-05;27,0
2013-03-06;21,83
2013-03-07;17,13
2013-03-08;12,08
2013-03-09;9,04
2013-03-10;8,3
2013-03-11;10,79
2013-03-12;10,17
2013-03-13;16,46
2013-03-14;9,17
2013-03-15;12,21
2013-03-16;20,82
2013-03-17;21,25
2013-03-18;13,42
2013-03-19;18,5
2013-03-20;19,13
2013-03-21;27,96
2013-03-22;24,83
2013-03-23;30,88
2013-03-24;36,38
2013-03-25;14,58
2013-03-26;16,71
2013-03-27;20,96
2013-03-28;21,13
2013-03-29;12,71
2013-03-30;7,0
2013-03-31;8,77
2013-04-01;15,86
2013-04-02;10,83
2013-04-03;20,96
2013-04-04;27,96
2013-04-05;21,04
2013-04-06;8,86
2013-04-07;15,33
2013-04-08;22,83
2013-04-09;21,75
2013-04-10;24,59
2013-04-11;27,55
2013-04-12;24,79
2013-04-13;19,88
2013-04-14;18,33
2013-04-15;32,17
2013-04-16;31,95
2013-04-17;51,0
2013-04-18;38,09
2013-04-19;36,73
2013-04-20;14,0
2013-04-21;18,42
2013-04-22;29,46
2013-04-23;33,88
2013-04-24;43,92
2013-04-25;21,36
2013-04-26;24,25
2013-04-27;11,42
2013-04-28;6,63
2013-04-29;9,9
2013-04-30;17,43
2013-05-01;13,63
2013-05-02;20,0
2013-05-03;17,58
2013-05-04;16,63
2013-05-05;19,67
2013-05-06;26,32
2013-05-07;33,22
2013-05-08;36,7
2013-05-09;31,09
2013-05-10;20,75
2013-05-11;22,55
2013-05-12;21,6
2013-05-13;26,14
2013-05-14;29,83
2013-05-15;27,36
2013-05-16;11,33
2013-05-17;15,33
2013-05-18;11,63
2013-05-19;10,0
2013-05-23;35,5
2013-05-24;20,96
2013-05-25;16,15
2013-05-26;17,42
2013-05-27;24,29
2013-05-28;19,36
2013-05-29;15,21
2013-05-30;16,05
2013-05-31;23,65
2013-06-01;20,39
2013-06-02;14,12
2013-06-03;20,14
2013-06-04;27,9
2013-06-05;24,05
2013-06-06;35,08
2013-06-07;29,5
2013-06-08;23,61
2013-06-09;10,92
2013-06-10;12,0
2013-06-11;40,71
2013-06-12;29,81
2013-06-13;37,4
2013-06-14;23,2
2013-06-15;49,64
2013-06-16;21,21
2013-06-17;43,42
2013-06-18;44,1
2013-06-19;22,24
2013-06-20;18,6
2013-06-21;26,64
2013-06-22;17,17
2013-06-23;18,29
2013-06-24;27,29
2013-06-25;33,08
2013-06-26;32,13
2013-06-27;31,08
2013-06-28;27,58
2013-06-29;23,05
2013-06-30;27,95
2013-07-01;29,64
2013-07-02;31,89
2013-07-03;31,19
2013-07-04;44,09
2013-07-05;31,96
2013-07-06;22,91
2013-07-07;22,58
2013-07-08;31,75
2013-07-09;33,29
2013-07-10;39,96
2013-07-11;41,33
2013-07-12;34,52
2013-07-13;29,63
2013-07-14;17,67
2013-07-15;30,59
2013-07-16;33,58
2013-07-17;32,58
2013-07-18;22,29
2013-07-19;26,96
2013-07-20;22,74
2013-07-21;23,45
2013-07-22;31,5
2013-07-23;36,79
2013-07-24;31,08
2013-07-25;40,67
2013-07-26;25,38
2013-07-27;40,0
2013-07-28;29,46
2013-07-29;14,63
2013-07-30;19,61
2013-07-31;31,05
2013-08-01;32,75
2013-08-02;25,08
2013-08-03;30,65
2013-08-04;25,25
2013-08-06;23,83
2013-08-07;31,5
2013-08-08;16,53
2013-08-09;19,9
2013-08-10;17,2
2013-08-11;16,33
2013-08-12;21,67
2013-08-13;19,5
2013-08-14;30,32
2013-08-15;22,6
2013-08-16;19,3
2013-08-17;17,27
2013-08-18;17,09
2013-08-19;21,28
2013-08-20;24,33
2013-08-21;28,29
2013-08-22;24,71
2013-08-23;27,38
2013-08-24;25,7
2013-08-25;17,17
2013-08-26;22,5
2013-08-27;18,68
2013-08-28;18,0
2013-08-29;18,63
2013-09-02;27,5
2013-09-03;28,25
2013-09-04;28,82
2013-09-05;25,74
2013-09-06;26,52
2013-09-07;21,58
2013-09-08;22,75
2013-09-09;19,11
2013-09-10;20,0
2013-09-11;7,25
2013-09-12;19,13
2013-09-13;26,63
2013-09-14;21,42
2013-09-15;21,42
2013-09-16;23,48
2013-09-17;30,26
2013-09-18;29,47
2013-09-19;25,33
2013-09-20;29,19
2013-09-21;23,22
2013-09-22;25,13
2013-09-23;29,19
2013-09-24;27,05
2013-09-25;25,96
2013-09-26;26,68
2013-09-27;31,75
2013-09-28;27,54
2013-09-29;13,44
2013-09-30;23,96
2013-10-01;33,21
2013-10-02;35,08
2013-10-03;29,11
2013-10-04;32,43
2013-10-05;21,21
2013-10-06;18,38
2013-10-07;17,64
2013-10-08;25,54
2013-10-09;27,13
2013-10-10;20,83
2013-10-11;14,79
2013-10-12;13,21
2013-10-13;20,13
2013-10-14;33,42
2013-10-15;39,96
2013-10-16;29,09
2013-10-17;36,0
2013-10-18;39,19
2013-10-19;31,94
2013-10-20;38,84
2013-10-21;40,5
2013-10-22;50,79
2013-10-23;33,94
2013-10-24;28,81
2013-10-25;40,0
2013-10-26;60,9
2013-10-27;28,63
2013-10-28;50,64
2013-10-29;33,29
2013-10-30;27,25
2013-10-31;28,54
2013-11-01;25,17
2013-11-02;18,05
2013-11-03;14,16
2013-11-04;16,62
2013-11-05;20,5
2013-11-06;32,59
2013-11-07;36,46
2013-11-08;27,1
2013-11-09;17,83
2013-11-10;27,68
2013-11-11;30,92
2013-11-12;30,05
2013-11-13;27,83
2013-11-14;30,21
2013-11-15;28,08
2013-11-16;12,4
2014-02-18;41,38
2014-02-19;38,54
2014-02-20;23,17
2014-02-21;27,83
2014-02-22;19,48
2014-02-23;23,46
2014-02-24;28,5
2014-02-25;33,25
2014-02-26;19,0
2014-02-27;20,25
2014-02-28;28,0
2014-03-01;7,54
2014-03-02;12,83
2014-03-03;17,0
2014-03-04;11,13
2014-03-05;19,63
2014-03-06;25,54
2014-03-07;32,75
2014-03-08;49,25
2014-03-09;36,21
2014-03-10;29,13
2014-03-11;51,75
2014-03-12;58,67
2014-03-13;43,63
2014-03-14;56,76
2014-03-15;51,29
2014-03-16;41,54
2014-03-17;47,38
2014-03-18;43,42
2014-03-19;47,21
2014-03-20;58,58
2014-03-21;49,75
2014-03-22;40,13
2014-03-23;8,67
2014-03-24;17,88
2014-03-25;18,5
2014-03-26;14,63
2014-03-27;20,25
2014-03-28;30,71
2014-03-29;55,08
2014-03-30;30,09
2014-03-31;48,33
2014-04-01;48,35
2014-04-02;38,46
2014-04-03;42,96
2014-04-04;11,57
2014-04-05;18,77
2014-04-06;15,82
2014-04-07;28,13
2014-04-08;33,79
2014-04-09;31,79
2014-04-10;37,0
2014-04-11;34,96
2014-04-12;33,63
2014-04-13;32,59
2014-04-14;30,17
2014-04-15;24,75
2014-04-16;35,08
2014-04-17;28,58
2014-04-18;33,33
2014-04-19;33,77
2014-04-20;15,83
2014-04-21;16,17
2014-04-22;24,82
2014-04-23;34,96
2014-04-24;29,05
2014-04-25;17,38
2014-04-26;12,53
2014-04-27;15,22
2014-04-28;22,22
2014-04-29;33,08
2014-04-30;40,25
2014-05-01;14,57
2014-05-02;16,75
2014-05-03;21,39
2014-05-04;27,79
2014-05-05;36,83
2014-05-06;39,92
2014-05-07;37,57
2014-05-08;48,79
2014-05-09;38,25
2014-05-10;38,14
2014-05-14;26,29
2014-05-15;37,21
2014-05-16;38,08
2014-05-17;22,94
2014-05-18;25,71
2014-05-19;31,74
2014-05-20;38,96
2014-05-21;68,0
2014-05-22;31,77
2014-05-23;29,61
2014-05-24;13,32
2014-05-25;17,45
2014-05-26;21,87
2014-05-27;21,75
2014-05-28;33,96
2014-05-29;19,32
2014-05-30;26,14
2014-05-31;17,15
2014-06-01;18,05
2014-06-02;30,0
2014-06-03;35,67
2014-06-06;29,5
2014-06-07;36,21
2014-06-08;41,0
2014-06-09;38,67
2014-06-10;52,14
2014-06-11;50,39
2014-06-12;45,46
2014-06-13;40,92
2014-06-14;33,71
2014-06-15;31,44
2014-06-16;25,95
2014-06-17;33,52
2014-06-18;25,85
2014-06-19;19,39
2014-06-20;31,3
2014-06-21;23,39
2014-06-22;46,05
2014-06-23;48,06
2014-06-24;40,0
2014-06-25;14,14
2014-06-26;27,95
2014-06-27;41,19
2014-06-28;25,27
2014-06-29;26,5
2014-06-30;28,32
2014-07-10;32,3
2014-07-11;28,75
2014-07-12;26,05
2014-07-13;28,6
2014-10-23;40,92
2014-10-24;45,21
2014-10-25;36,67
2014-10-26;29,92
2014-10-27;30,06
2014-10-28;40,79
2014-10-29;31,67
2014-10-30;47,0
2014-10-31;37,25
2014-11-01;22,42
2014-11-02;26,33
2014-11-03;25,07
2014-11-04;15,82
2014-11-05;21,08
2014-11-06;20,33
2014-11-07;22,63
2014-11-08;14,38
2014-11-09;13,33
2014-11-10;15,63
2014-11-11;22,21
2014-11-12;14,5
2014-11-13;17,29
2014-11-14;31,0
2014-11-15;11,92
2014-11-16;9,71
2014-11-17;13,88
2014-11-18;18,25
2014-11-19;21,0
2014-11-20;30,42
2014-11-21;38,55
2014-11-22;42,46
2014-11-23;46,25
2014-11-24;50,42
2014-11-25;63,83
2014-11-26;52,83
2014-11-27;21,29
2014-11-28;42,0
2014-11-29;59,0
2014-11-30;116,0
2014-12-01;21,0
2014-12-02;20,04
2014-12-03;16,17
2014-12-04;10,96
2014-12-05;11,67
2014-12-06;8,38
2014-12-07;8,5
2014-12-08;8,46
2014-12-09;11,0
2014-12-10;16,13
2014-12-11;23,83
2014-12-12;18,04
2014-12-13;20,54
2014-12-14;26,17
2014-12-15;11,75
2014-12-16;13,25
2014-12-17;18,63
2014-12-18;13,96
2014-12-19;14,7
2014-12-20;14,75
2014-12-21;11,17
2014-12-22;17,32
2014-12-23;18,71
2014-12-24;15,96
2014-12-25;10,71
2014-12-26;9,92
2014-12-27;17,92
2014-12-28;10,63
2014-12-29;12,08
2014-12-30;13,63
2014-12-31;18,38
2015-01-01;23,58
2015-01-02;15,13
2015-01-03;16,25
2015-01-04;16,77
2015-01-05;17,3
2015-01-06;15,74
2015-01-07;22,42
2015-01-08;16,83
2015-01-09;17,15
2015-01-10;24,88
2015-01-11;25,08
2015-01-12;34,79
2015-01-13;50,46
2015-01-14;28,96
2015-01-15;50,54
2015-01-16;39,54
2015-01-17;14,25
2015-01-18;21,29
2015-01-19;14,5
2015-01-20;23,17
2015-01-21;23,46
2015-01-22;28,88
2015-01-23;20,95
2015-01-24;25,58
2015-01-25;28,14
2015-01-26;38,36
2015-01-27;35,42
2015-01-28;32,91
2015-01-29;35,5
2015-01-30;23,41
2015-01-31;14,48
2015-02-01;11,0
2015-02-02;16,38
2015-02-06;22,3
2015-02-07;35,63
2015-02-08;35,25
2015-02-09;39,25
2015-02-10;40,21
2015-02-11;33,13
2015-02-12;46,04
2015-02-13;54,71
2015-02-14;35,17
2015-02-15;23,14
2015-02-16;39,62
2015-02-17;36,45
2015-02-18;39,19
2015-02-19;47,64
2015-02-20;54,25
2015-02-21;25,84
2015-02-22;13,9
2015-02-23;33,86
2015-02-24;16,59
2015-02-25;13,2
2015-02-27;47,82
2015-02-28;27,77
2015-03-01;40,29
2015-03-02;35,87
2015-03-03;45,5
2015-03-04;40,43
2015-03-05;21,5
2015-03-06;41,0
2015-03-07;42,21
2015-03-08;40,25
2015-03-09;46,96
2015-03-10;62,92
2015-03-13;57,5
2015-03-14;24,48
2015-03-15;23,17
2015-03-16;31,9
2015-03-17;33,96
2015-03-18;31,92
2015-03-19;35,71
2015-03-20;29,58
2015-03-21;39,56
2015-03-22;28,43
2015-03-23;37,67
2015-03-24;23,29
2015-03-25;15,13
2015-03-26;28,67
2015-03-27;24,25
2015-03-28;25,17
2015-03-29;23,59
2015-03-30;32,71
2015-03-31;31,21
2015-04-01;32,88
2015-04-02;33,0
2015-04-08;25,23
2015-04-09;28,38
2015-04-10;36,96
2015-04-11;26,21
2015-04-12;25,05
2015-04-13;35,17
2015-04-14;38,21
2015-04-15;32,57
2015-04-16;31,89
2015-04-17;33,71
2015-04-21;18,75
2015-04-22;28,17
2015-04-23;28,46
2015-04-24;32,75
2015-04-25;41,25
2015-04-26;38,71
2015-04-27;10,13
2015-04-28;17,58
2015-04-29;26,46
2015-04-30;25,92
2015-05-01;30,04
2015-05-02;23,5
2015-05-03;25,83
2015-05-04;46,25
2015-05-05;42,33
2015-05-06;35,92
2015-05-07;29,79
2015-05-08;39,17
2015-05-19;19,89
2015-05-20;10,79
2015-05-21;15,63
2015-05-22;19,08
2015-05-23;18,25
2015-05-24;19,38
2015-05-25;26,21
2015-05-26;25,21
2015-05-27;30,46
2015-05-28;37,38
2015-05-29;32,54
2015-05-30;16,38
2015-05-31;15,21
2015-06-01;19,54
2015-06-02;25,38
2015-06-03;27,33
2015-06-04;29,13
2015-06-05;29,38
2015-06-06;20,04
2015-06-07;17,04
2015-06-08;29,13
2015-06-09;22,38
2015-06-10;30,0
2015-06-11;38,25
2015-06-12;22,46
2015-06-15;21,79
2015-06-16;13,17
2015-06-17;21,17
2015-06-19;34,3
2015-07-22;18,33
2015-08-23;13,39
2015-08-24;14,22
2015-08-26;21,07
2015-08-31;30,56
2015-09-01;21,0
2015-09-02;29,17
2015-09-03;17,5
2015-09-04;14,5
2015-09-05;17,96
2015-09-06;20,7
2015-09-07;19,7
2015-09-08;29,18
2015-09-09;36,93
2015-09-16;37,67
2015-09-17;29,13
2015-09-18;30,35
2015-09-19;25,76
2015-09-20;29,36
2015-09-21;34,48
2015-09-22;48,74
2015-09-23;33,39
2015-09-24;23,4
2015-09-25;34,76
2015-09-26;30,0
2015-09-27;26,58
2015-09-28;31,1
2015-09-29;28,1
2015-09-30;21,18
2015-10-01;30,17
2015-10-05;51,57
2015-10-06;23,84
2015-10-07;40,0
2015-10-08;29,63
2015-10-09;30,8
2015-10-10;27,2
2015-10-11;40,0
2015-10-12;55,38
2015-10-13;50,43
2015-10-14;28,0
2015-10-15;27,92
2015-10-16;30,55
2015-10-17;28,83
2015-10-18;27,14
2015-10-19;28,88
2015-10-20;28,29
2015-10-21;29,0
2015-10-22;24,62
2015-10-23;42,0
2015-11-02;30,38
2015-11-06;41,64
2015-11-07;41,46
2015-11-08;35,75
2015-11-09;27,42
2015-11-10;24,9
2015-11-11;24,86
2015-11-17;38,36
2015-11-18;35,96
2015-11-19;37,83
2015-11-20;36,58
2015-11-21;24,44
2015-11-22;11,8
2015-11-23;17,17
2015-11-24;19,71
2015-11-25;35,79
2015-11-26;31,0
2015-11-27;29,46
2015-11-28;22,04
2015-11-29;18,55
2015-11-30;29,33
2015-12-01;47,5
2015-12-02;48,83
2015-12-03;55,88
2015-12-04;65,83
2015-12-05;56,36
2015-12-10;58,82
2015-12-11;36,67
2015-12-12;32,17
2015-12-13;23,29
2015-12-14;49,04
2015-12-15;45,33
2015-12-16;76,96
2015-12-17;56,29
2015-12-18;71,0
2015-12-19;65,04
2015-12-20;75,54
2015-12-21;59,96
2015-12-22;43,08
2015-12-23;46,71
2015-12-24;35,88
2015-12-25;43,04
2015-12-26;34,58
2015-12-27;31,42
2015-12-28;40,0
2015-12-29;35,42
2015-12-30;40,25
2015-12-31;34,83
2016-01-06;13,38
2016-01-07;21,54
2016-01-09;22,38
2016-01-10;33,4
2016-01-12;20,8
2016-01-13;26,14
2016-01-14;24,0
2016-01-15;20,22
2016-01-16;10,0
2016-01-17;17,0
2016-01-18;34,04
2016-01-19;23,79
2016-01-20;29,71
2016-01-21;39,5
2016-01-22;50,63
2016-01-23;45,58
2016-01-24;40,71
2016-01-25;41,42
2016-01-26;39,17
2016-01-27;34,5
2016-01-28;48,46
2016-01-29;55,79
2016-01-30;31,42
2016-01-31;25,63
2016-02-01;23,08
2016-02-02;42,5
2016-02-09;30,17
2016-02-10;22,1
2016-02-11;23,21
2016-02-12;29,43
2016-02-13;12,74
2016-02-14;14,4
2016-02-15;17,7
2016-02-16;14,83
2016-02-17;19,67
2016-02-18;32,83
2016-02-19;31,17
2016-02-20;24,46
2016-02-21;23,29
2016-02-22;86,33
2016-02-23;114,96
2016-02-24;41,13
2016-02-25;34,35
2016-02-26;24,29
2016-02-27;40,33
2016-02-29;32,78
2016-03-01;20,83
2016-03-02;25,0
2016-03-03;15,58
2016-03-04;19,59
2016-03-05;17,06
2016-03-06;9,69
2016-03-07;21,63
2016-03-08;21,9
2016-03-09;17,58
2016-03-10;18,5
2016-03-11;23,79
2016-03-12;24,13
2016-03-13;28,67
2016-03-14;43,67
2016-03-15;31,46
2016-03-16;20,88
2016-03-17;12,71
2016-03-18;22,75
2016-03-19;30,75
2016-03-20;13,0
2016-03-21;17,13
2016-03-22;17,79
2016-03-23;19,08
2016-03-24;23,38
2016-03-25;29,5
2016-03-26;32,96
2016-03-27;25,14
2016-03-28;19,3
2016-03-29;21,5
2016-03-30;28,92
2016-03-31;44,0
2016-04-01;25,55
2016-04-02;20,21
2016-04-03;13,71
2016-04-04;27,33
2016-04-05;17,79
2016-04-06;20,71
2016-04-07;22,73
2016-04-08;15,0
2016-04-09;14,68
2016-04-10;24,04
2016-04-11;31,13
2016-04-12;27,33
2016-04-13;23,75
2016-04-14;21,92
2016-04-15;34,88
2016-04-16;26,13
2016-04-17;10,77
2016-04-18;30,17
2016-04-19;39,0
2016-04-20;57,96
2016-04-21;16,67
2016-04-22;38,35
2016-04-23;19,65
2016-04-24;14,14
2016-04-25;24,78
2016-04-26;30,46
2016-04-27;31,83
2016-04-28;18,0
2016-04-29;25,25
2016-04-30;17,5
2016-05-01;11,33
2016-05-02;23,1
2016-05-03;32,17
2016-05-04;27,42
2016-05-05;38,88
2016-05-06;25,67
2016-05-07;17,21
2016-05-08;14,48
2016-05-09;28,96
2016-05-10;20,68
2016-05-11;17,37
2016-05-12;19,65
2016-05-13;23,05
2016-05-14;17,75
2016-05-15;13,46
2016-05-16;22,36
2016-05-17;25,38
2016-05-18;27,0
2016-05-19;24,0
2016-05-20;23,08
2016-05-21;25,91
2016-05-22;19,67
2016-05-23;14,71
2016-05-24;24,29
2016-05-25;28,45
2016-05-26;28,72
2016-05-27;35,76
2016-05-28;39,63
2016-05-29;13,79
2016-05-30;16,07
2016-05-31;15,91
2016-06-01;20,19
2016-06-02;24,67
2016-06-04;25,25
2016-06-05;22,24
2016-06-06;31,11
2016-06-07;35,82
2016-06-08;34,43
2016-06-10;31,0
2016-06-11;23,67
2016-06-12;24,06
2016-06-13;30,38
2016-06-14;29,88
2016-06-15;37,21
2016-06-16;20,9
2016-06-17;24,67
2016-06-22;23,52
2016-06-23;25,71
2016-06-24;31,17
2016-06-25;28,06
2016-06-26;24,43
2016-06-27;24,19
2016-06-28;29,05
2016-06-29;38,9
2016-06-30;34,29
2016-07-01;39,0
2016-07-06;33,71
2016-07-07;52,67
2016-07-11;29,1
2016-07-12;37,0
2016-07-13;31,42
2016-07-14;20,16
2016-07-15;27,95
2016-07-16;27,32
2016-07-17;28,5
2016-07-19;36,13
2016-07-20;56,07
2016-07-21;45,38
2016-07-22;87,78
2016-07-23;24,06
2016-07-24;36,14
2016-07-25;34,92
2016-07-26;34,2
2016-07-27;34,45
2016-07-28;28,77
2016-07-29;38,0
2016-08-03;28,3
2016-08-04;25,14
2016-08-05;27,33
2016-08-06;22,69
2016-08-07;26,35
2016-08-08;22,79
2016-08-09;21,08
2016-08-10;26,44
2016-08-11;31,96
2016-08-12;33,45
2016-08-13;27,73
2016-08-14;26,21
2016-08-15;16,0
2016-08-16;28,5
2016-08-17;33,81
2016-08-18;33,1
2016-08-19;36,91
2016-08-20;38,19
2016-08-21;22,26
2016-08-22;36,2
2016-08-23;27,61
2016-08-24;30,42
2016-08-25;22,45
2016-08-26;25,83
2016-08-27;24,67
2016-08-28;23,0
2016-08-29;30,54
2016-08-30;26,29
2016-08-31;31,21
2016-09-01;27,57
2016-09-02;31,54
2016-09-03;30,88
2016-09-04;29,64
2016-09-05;35,96
2016-09-06;35,55
2016-09-07;25,73
2016-09-08;29,13
2016-09-09;32,25
2016-09-10;27,67
2016-09-11;26,76
2016-09-12;32,24
2016-09-13;38,88
2016-09-14;29,93
2016-09-15;25,62
2016-09-16;23,18
2016-09-17;18,6
2016-09-22;30,67
2016-09-23;37,88
2016-09-24;27,52
2016-09-25;20,31
2016-09-26;21,05
2016-09-27;26,57
2016-09-28;32,73
2016-09-29;33,71
2016-09-30;28,17
2016-10-01;29,0
2016-10-02;33,29
2016-10-03;41,5
2016-10-04;47,35
2016-10-05;35,58
2016-10-06;22,61
2016-10-07;27,85
2016-10-08;36,83
2016-10-09;22,96
2016-10-10;29,17
2016-10-11;28,13
2016-10-12;23,29
2016-10-13;24,17
2016-10-14;16,75
2016-10-15;22,04
2016-10-16;18,96
2016-10-17;27,25
2016-10-18;33,82
2016-10-21;34,0
2016-10-22;20,58
2016-10-23;26,42
2016-10-24;37,92
2016-10-25;53,92
2016-10-26;66,63
2016-10-27;63,71
2016-10-28;42,04
2016-10-29;40,5
2016-10-30;45,46
2016-10-31;45,04
2016-11-01;29,1
2016-11-02;38,57
2016-11-03;47,67
2016-11-04;51,75
2016-11-05;43,0
2016-11-08;29,3
2016-11-09;26,39
2016-11-10;29,76
2016-11-11;35,33
2016-11-12;23,47
2016-11-13;33,06
2016-11-14;26,83
2016-11-15;51,44
2016-11-16;38,18
2016-11-17;44,86
2016-11-18;58,0
2016-11-19;44,28
2016-11-20;30,79
2016-11-21;32,0
2016-11-22;27,4
2016-11-23;19,57
2016-11-24;16,5
2016-11-25;17,92
2016-11-26;22,09
2016-11-27;24,92
2016-11-28;26,67
2016-11-29;34,58
2016-11-30;21,08
2016-12-01;29,0
2016-12-02;17,25
2016-12-03;24,13
2016-12-04;25,92
2016-12-05;23,5
2016-12-06;26,5
2016-12-07;30,2
2016-12-08;20,25
2016-12-09;22,33
2016-12-10;14,63
2016-12-11;12,0
2016-12-12;21,0
2016-12-13;26,04
2016-12-14;31,33
2016-12-15;40,92
2016-12-16;37,7
2016-12-17;21,63
2016-12-18;21,21
2016-12-19;18,96
2016-12-20;14,05
2016-12-21;20,38
2016-12-22;14,46
2016-12-23;18,71
2016-12-24;11,77
2016-12-25;5,21
2016-12-26;14,86
2016-12-27;18,29
2016-12-28;19,04
2016-12-29;16,79
2016-12-30;26,75
2016-12-31;25,5
2017-01-01;13,46
2017-01-02;20,88
2017-01-03;31,13
2017-01-04;32,04
2017-01-05;25,46
2017-01-06;21,17
2017-01-07;29,83
2017-01-08;29,29
2017-01-09;26,92
2017-01-10;29,54
2017-01-11;34,88
2017-01-12;28,63
2017-01-13;22,46
2017-01-14;10,92
2017-01-15;11,46
2017-01-16;21,13
2017-01-17;27,08
2017-01-18;43,58
2017-01-19;60,88
2017-01-20;20,08
2017-01-21;29,29
2017-01-22;13,32
2017-01-23;27,05
2017-01-24;45,63
2017-01-25;46,38
2017-01-26;37,67
2017-01-27;28,29
2017-01-28;11,29
2017-01-29;11,21
2017-01-30;32,92
2017-01-31;36,79
2017-02-01;43,92
2017-02-02;38,88
2017-02-03;25,88
2017-02-04;15,63
2017-02-05;15,46
2017-02-06;11,38
2017-02-07;23,54
2017-02-08;13,54
2017-02-09;15,08
2017-02-10;29,83
2017-02-11;24,42
2017-02-12;38,71
2017-02-13;43,67
2017-02-14;30,08
2017-02-15;31,54
2017-02-16;40,21
2017-02-17;20,17
2017-02-18;24,29
2017-02-19;16,83
2017-02-20;26,67
2017-02-21;21,04
2017-02-22;21,54
2017-02-23;31,18
2017-02-24;28,5
2017-02-25;17,79
2017-02-26;17,32
2017-02-27;28,05
2017-02-28;24,37
2017-03-01;18,68
2017-03-02;20,5
2017-03-03;27,06
2017-03-04;29,0
2017-03-06;16,7
2017-03-07;18,52
2017-03-08;26,55
2017-03-09;31,61
2017-03-10;31,87
2017-03-11;24,76
2017-03-12;20,78
2017-03-13;23,07
2017-03-14;24,83
2017-03-15;30,75
2017-03-16;31,62
2017-03-17;21,5
2017-03-18;30,35
2017-03-19;19,94
2017-03-20;31,41
2017-03-21;28,85
2017-03-22;9,69
2017-03-23;11,0
2017-03-24;13,29
2017-03-28;39,67
2017-03-29;22,68
2017-03-30;16,79
2017-03-31;17,63
2017-04-01;10,71
2017-04-02;6,45
2017-04-03;9,05
2017-04-04;17,29
2017-04-05;15,12
2017-04-06;17,54
2017-04-07;22,25
2017-04-08;19,73
2017-04-09;15,29
2017-04-10;20,89
2017-04-11;22,45
2017-04-12;19,5
2017-04-13;23,88
2017-04-14;29,92
2017-04-15;22,5
2017-04-16;21,54
2017-04-17;22,54
2017-04-18;42,88
2017-04-19;27,05
2017-04-20;28,68
2017-04-21;21,33
2017-04-22;15,7
2017-04-23;23,57
2017-04-24;27,13
2017-04-25;21,82
2017-04-26;20,0
2017-04-28;15,5
2017-04-29;23,6
2017-04-30;20,75
2017-05-01;12,78
2017-05-02;22,79
2017-05-03;30,1
2017-05-04;24,0
2017-05-05;17,65
2017-05-06;18,19
2017-05-07;20,06
2017-05-08;19,94
2017-05-09;24,91
2017-05-10;19,43
2017-05-11;30,67
2017-05-12;29,0
2017-05-13;15,54
2017-05-14;21,93
2017-05-15;21,4
2017-05-16;37,29
2017-05-17;17,0
2017-05-18;17,33
2017-05-19;17,83
2017-05-20;22,29
2017-05-21;23,75
2017-05-22;18,36
2017-05-23;21,93
2017-05-24;16,64
2017-05-25;15,38
2017-05-27;44,75
2017-05-28;25,0
2017-05-29;42,21
2017-05-30;30,08
2017-05-31;32,27
2017-06-07;37,46
2017-06-08;34,38
2017-06-09;31,71
2017-06-10;31,33
2017-06-11;22,46
2017-06-12;31,67
2017-06-13;30,5
2017-06-14;29,17
2017-06-15;36,13
2017-06-16;29,29
2017-06-17;19,79
2017-06-18;28,78
2017-06-20;28,4
2017-06-23;29,71
2017-06-28;24,0
2017-06-30;15,4
2017-07-01;8,5
2017-07-05;18,5
2017-07-06;34,78
2017-07-07;41,76
2017-07-08;28,13
2017-07-09;22,0
2017-07-10;30,2
2017-07-11;27,94
2017-07-12;39,6
2017-07-13;22,45
2017-07-14;27,38
2017-07-15;29,54
2017-07-16;24,29
2017-07-17;27,5
2017-07-18;24,33
2017-07-19;22,0
2017-07-20;24,88
2017-07-21;29,08
2017-07-22;25,38
2017-07-23;21,29
2017-07-24;18,04
2017-07-25;20,54
2017-07-26;18,38
2017-07-27;19,38
2017-07-28;28,08
2017-07-29;13,63
2017-09-07;16,93
2017-09-08;19,46
2017-09-12;13,87
2017-09-13;25,17
2017-09-15;11,33
2017-09-19;8,8
2017-09-20;28,63
2017-09-21;24,63
2017-09-22;28,17
2017-09-23;14,54
2017-09-24;16,25
2017-09-25;20,25
2017-09-26;12,42
2017-09-27;17,67
2017-09-28;22,42
2017-09-29;20,96
2017-09-30;15,96
2017-10-01;13,38
2017-10-02;18,54
2017-10-03;17,0
2017-10-04;24,33
2017-10-05;24,18
2017-10-06;31,29
2017-10-07;14,87
2017-10-08;16,54
2017-10-09;29,54
2017-10-10;23,54
2017-10-11;25,67
2017-10-12;20,25
2017-10-13;21,46
2017-10-14;17,33
2017-10-15;14,67
2017-10-16;23,21
2017-10-17;24,57
2017-10-18;29,46
2017-10-19;8,17
2017-10-20;13,04
2017-10-21;16,21
2017-10-22;10,14
2017-10-23;13,75
2017-10-24;21,54
2017-10-25;27,21
2017-10-26;35,22
2017-10-27;32,67
2017-10-28;23,33
2017-10-29;16,5
2017-10-30;21,08
2017-10-31;17,5
2017-11-01;17,46
2017-11-02;24,67
2017-11-03;30,83
2017-11-04;17,94
2017-11-06;13,73
2017-11-07;14,46
2017-11-08;22,38
2017-11-09;16,79
2017-11-10;27,42
2017-11-11;15,77
2017-11-12;9,79
2017-11-13;14,75
2017-11-14;27,08
2017-11-15;28,92
2017-11-16;30,33
2017-11-17;36,08
2017-11-18;33,13
2017-11-19;27,46
2017-11-20;30,25
2017-11-21;29,21
2017-11-22;73,0
2017-11-23;36,17
2017-11-24;40,21
2017-11-25;28,04
2017-11-26;13,21
2017-11-27;18,75
2017-11-28;19,21
2017-11-29;34,83
2017-11-30;19,79
2017-12-01;15,04
2017-12-02;11,21
2017-12-03;13,88
2017-12-04;16,83
2017-12-05;26,83
2017-12-06;24,68
2017-12-07;21,24
2017-12-08;25,29
2017-12-09;12,54
2017-12-10;11,5
2017-12-11;18,43
